nohup: ignoring input
Configuring Docker environment for Minikube...
Building local images directly inside Minikube...
Building Celery API / Workers (oscb-api:latest)...
#0 building with "default" instance using docker driver

#1 [internal] load build definition from Dockerfile
#1 transferring dockerfile:
#1 transferring dockerfile: 2.48kB done
#1 DONE 0.4s

#2 [internal] load metadata for docker.io/stormgod/oscb-cuda126-r45-seurat440:1.2.1
#2 DONE 1.8s

#3 [internal] load .dockerignore
#3 transferring context:
#3 transferring context: 2B done
#3 DONE 0.3s

#4 [1/3] FROM docker.io/stormgod/oscb-cuda126-r45-seurat440:1.2.1@sha256:a39d0a30541ffd3c7e44423e5f99663c821199128ef7eb525604887718a221c9
#4 resolve docker.io/stormgod/oscb-cuda126-r45-seurat440:1.2.1@sha256:a39d0a30541ffd3c7e44423e5f99663c821199128ef7eb525604887718a221c9
#4 resolve docker.io/stormgod/oscb-cuda126-r45-seurat440:1.2.1@sha256:a39d0a30541ffd3c7e44423e5f99663c821199128ef7eb525604887718a221c9 0.4s done
#4 sha256:d447256c7efc213d1bc4d8dbab9e3362018524dfd063a8a227de227eac067450 30.40kB / 30.40kB done
#4 sha256:a39d0a30541ffd3c7e44423e5f99663c821199128ef7eb525604887718a221c9 6.42kB / 6.42kB done
#4 sha256:df2824ac310a017894dc4f4c26c50ff01525f48c0d1eda8738822ed4d09550b8 0B / 4.64MB 0.2s
#4 sha256:16e8a5a726fd0b9296e2ffce9d0b05e2640937b7cb4b97cecbae4c6792e5d6b8 0B / 57.38MB 0.3s
#4 sha256:df2824ac310a017894dc4f4c26c50ff01525f48c0d1eda8738822ed4d09550b8 4.64MB / 4.64MB 0.4s
#4 sha256:7478e0ac0f23f94b2f27848fbcdf804a670fbf8d4bab26df842d40a10cd33059 0B / 30.44MB 0.5s
#4 sha256:df2824ac310a017894dc4f4c26c50ff01525f48c0d1eda8738822ed4d09550b8 4.64MB / 4.64MB 0.5s done
#4 sha256:16e8a5a726fd0b9296e2ffce9d0b05e2640937b7cb4b97cecbae4c6792e5d6b8 3.15MB / 57.38MB 0.6s
#4 sha256:16e8a5a726fd0b9296e2ffce9d0b05e2640937b7cb4b97cecbae4c6792e5d6b8 8.39MB / 57.38MB 0.7s
#4 sha256:7478e0ac0f23f94b2f27848fbcdf804a670fbf8d4bab26df842d40a10cd33059 3.15MB / 30.44MB 0.7s
#4 sha256:af813042aa5b3f88f04ca55f2bdba48846781439e69541120f5f3d81dfa77d4f 0B / 184B 0.7s
#4 sha256:16e8a5a726fd0b9296e2ffce9d0b05e2640937b7cb4b97cecbae4c6792e5d6b8 16.78MB / 57.38MB 0.8s
#4 sha256:7478e0ac0f23f94b2f27848fbcdf804a670fbf8d4bab26df842d40a10cd33059 8.39MB / 30.44MB 0.8s
#4 sha256:16e8a5a726fd0b9296e2ffce9d0b05e2640937b7cb4b97cecbae4c6792e5d6b8 24.12MB / 57.38MB 0.9s
#4 sha256:7478e0ac0f23f94b2f27848fbcdf804a670fbf8d4bab26df842d40a10cd33059 10.49MB / 30.44MB 0.9s
#4 sha256:16e8a5a726fd0b9296e2ffce9d0b05e2640937b7cb4b97cecbae4c6792e5d6b8 31.46MB / 57.38MB 1.0s
#4 sha256:7478e0ac0f23f94b2f27848fbcdf804a670fbf8d4bab26df842d40a10cd33059 13.63MB / 30.44MB 1.0s
#4 sha256:af813042aa5b3f88f04ca55f2bdba48846781439e69541120f5f3d81dfa77d4f 184B / 184B 0.9s done
#4 sha256:16e8a5a726fd0b9296e2ffce9d0b05e2640937b7cb4b97cecbae4c6792e5d6b8 35.65MB / 57.38MB 1.1s
#4 sha256:7478e0ac0f23f94b2f27848fbcdf804a670fbf8d4bab26df842d40a10cd33059 17.83MB / 30.44MB 1.1s
#4 sha256:150ae9de14cf67d192ab855eb94172865ba70f5b4b2e832ffed3e8f1df6307f5 0B / 6.89kB 1.1s
#4 sha256:16e8a5a726fd0b9296e2ffce9d0b05e2640937b7cb4b97cecbae4c6792e5d6b8 42.99MB / 57.38MB 1.2s
#4 sha256:7478e0ac0f23f94b2f27848fbcdf804a670fbf8d4bab26df842d40a10cd33059 24.12MB / 30.44MB 1.2s
#4 sha256:150ae9de14cf67d192ab855eb94172865ba70f5b4b2e832ffed3e8f1df6307f5 6.89kB / 6.89kB 1.2s done
#4 sha256:16e8a5a726fd0b9296e2ffce9d0b05e2640937b7cb4b97cecbae4c6792e5d6b8 54.53MB / 57.38MB 1.3s
#4 sha256:7478e0ac0f23f94b2f27848fbcdf804a670fbf8d4bab26df842d40a10cd33059 29.36MB / 30.44MB 1.4s
#4 sha256:ed090066e06c7eaa241e8fc89f9ec6272b77d864f132c5f826b0a9a7837b18b9 0B / 1.44GB 1.4s
#4 sha256:7478e0ac0f23f94b2f27848fbcdf804a670fbf8d4bab26df842d40a10cd33059 30.44MB / 30.44MB 2.3s done
#4 sha256:16e8a5a726fd0b9296e2ffce9d0b05e2640937b7cb4b97cecbae4c6792e5d6b8 57.38MB / 57.38MB 2.4s done
#4 extracting sha256:7478e0ac0f23f94b2f27848fbcdf804a670fbf8d4bab26df842d40a10cd33059
#4 sha256:835e4741a0ed629c57f53388056767b4f1fad8a94e8513d0a49deb565e276141 0B / 64.09kB 2.6s
#4 sha256:ed090066e06c7eaa241e8fc89f9ec6272b77d864f132c5f826b0a9a7837b18b9 78.64MB / 1.44GB 2.8s
#4 sha256:835e4741a0ed629c57f53388056767b4f1fad8a94e8513d0a49deb565e276141 64.09kB / 64.09kB 2.7s done
#4 sha256:6aee6792f0ce4b47d774df27fb918aace91ef8d468dd9a214eba9a845ad52cd9 1.68kB / 1.68kB 2.8s
#4 sha256:18ef190c1b6c9d96dbbd26f49ec1548ab03a7746ca5877eed3e8c6d39a8c762e 0B / 1.52kB 2.9s
#4 sha256:6aee6792f0ce4b47d774df27fb918aace91ef8d468dd9a214eba9a845ad52cd9 1.68kB / 1.68kB 2.9s done
#4 sha256:18ef190c1b6c9d96dbbd26f49ec1548ab03a7746ca5877eed3e8c6d39a8c762e 1.52kB / 1.52kB 3.0s
#4 sha256:18ef190c1b6c9d96dbbd26f49ec1548ab03a7746ca5877eed3e8c6d39a8c762e 1.52kB / 1.52kB 3.0s done
#4 sha256:6b55bfaf2c7eaa1e25aa2711630648ce7539f32e08d1718de9537ab77523d2ff 0B / 2.53GB 3.1s
#4 sha256:91376825b4324e2abec846fbaaa2042bac4bbe0a97a4cc4f1914e80a297fa7f6 0B / 88.90kB 3.2s
#4 ...

#5 [internal] load build context
#5 transferring context: 256.38MB 3.3s done
#5 DONE 3.9s

#4 [1/3] FROM docker.io/stormgod/oscb-cuda126-r45-seurat440:1.2.1@sha256:a39d0a30541ffd3c7e44423e5f99663c821199128ef7eb525604887718a221c9
#4 sha256:91376825b4324e2abec846fbaaa2042bac4bbe0a97a4cc4f1914e80a297fa7f6 88.90kB / 88.90kB 3.4s done
#4 sha256:fcf1d3708ce64b4e95ce2df04e1617575c02317bfbc4786bb38d81ed51d15ea8 915.32kB / 915.32kB 3.8s
#4 extracting sha256:7478e0ac0f23f94b2f27848fbcdf804a670fbf8d4bab26df842d40a10cd33059 1.5s done
#4 sha256:fcf1d3708ce64b4e95ce2df04e1617575c02317bfbc4786bb38d81ed51d15ea8 915.32kB / 915.32kB 3.9s done
#4 sha256:7a161eee441c07ee5cb9a54c0cae8e6f76d5961b7f6679e39b972645b0a83bd6 0B / 3.32GB 4.1s
#4 extracting sha256:df2824ac310a017894dc4f4c26c50ff01525f48c0d1eda8738822ed4d09550b8
#4 sha256:ed090066e06c7eaa241e8fc89f9ec6272b77d864f132c5f826b0a9a7837b18b9 155.19MB / 1.44GB 4.6s
#4 extracting sha256:df2824ac310a017894dc4f4c26c50ff01525f48c0d1eda8738822ed4d09550b8 0.4s done
#4 extracting sha256:16e8a5a726fd0b9296e2ffce9d0b05e2640937b7cb4b97cecbae4c6792e5d6b8
#4 sha256:ed090066e06c7eaa241e8fc89f9ec6272b77d864f132c5f826b0a9a7837b18b9 230.69MB / 1.44GB 6.0s
#4 extracting sha256:16e8a5a726fd0b9296e2ffce9d0b05e2640937b7cb4b97cecbae4c6792e5d6b8 1.8s done
#4 extracting sha256:af813042aa5b3f88f04ca55f2bdba48846781439e69541120f5f3d81dfa77d4f
#4 extracting sha256:af813042aa5b3f88f04ca55f2bdba48846781439e69541120f5f3d81dfa77d4f done
#4 sha256:6b55bfaf2c7eaa1e25aa2711630648ce7539f32e08d1718de9537ab77523d2ff 127.93MB / 2.53GB 7.3s
#4 extracting sha256:150ae9de14cf67d192ab855eb94172865ba70f5b4b2e832ffed3e8f1df6307f5 done
#4 sha256:ed090066e06c7eaa241e8fc89f9ec6272b77d864f132c5f826b0a9a7837b18b9 305.14MB / 1.44GB 7.6s
#4 sha256:7a161eee441c07ee5cb9a54c0cae8e6f76d5961b7f6679e39b972645b0a83bd6 166.72MB / 3.32GB 8.6s
#4 sha256:ed090066e06c7eaa241e8fc89f9ec6272b77d864f132c5f826b0a9a7837b18b9 379.58MB / 1.44GB 9.6s
#4 sha256:6b55bfaf2c7eaa1e25aa2711630648ce7539f32e08d1718de9537ab77523d2ff 254.80MB / 2.53GB 10.7s
#4 sha256:ed090066e06c7eaa241e8fc89f9ec6272b77d864f132c5f826b0a9a7837b18b9 452.98MB / 1.44GB 11.5s
#4 sha256:ed090066e06c7eaa241e8fc89f9ec6272b77d864f132c5f826b0a9a7837b18b9 532.68MB / 1.44GB 13.2s
#4 sha256:7a161eee441c07ee5cb9a54c0cae8e6f76d5961b7f6679e39b972645b0a83bd6 338.69MB / 3.32GB 13.5s
#4 sha256:6b55bfaf2c7eaa1e25aa2711630648ce7539f32e08d1718de9537ab77523d2ff 385.88MB / 2.53GB 14.1s
#4 sha256:ed090066e06c7eaa241e8fc89f9ec6272b77d864f132c5f826b0a9a7837b18b9 606.08MB / 1.44GB 14.8s
#4 sha256:ed090066e06c7eaa241e8fc89f9ec6272b77d864f132c5f826b0a9a7837b18b9 679.48MB / 1.44GB 16.9s
#4 sha256:6b55bfaf2c7eaa1e25aa2711630648ce7539f32e08d1718de9537ab77523d2ff 515.90MB / 2.53GB 17.1s
#4 sha256:ed090066e06c7eaa241e8fc89f9ec6272b77d864f132c5f826b0a9a7837b18b9 751.83MB / 1.44GB 18.3s
#4 sha256:7a161eee441c07ee5cb9a54c0cae8e6f76d5961b7f6679e39b972645b0a83bd6 470.81MB / 3.32GB 18.6s
#4 sha256:ed090066e06c7eaa241e8fc89f9ec6272b77d864f132c5f826b0a9a7837b18b9 832.57MB / 1.44GB 19.7s
#4 sha256:6b55bfaf2c7eaa1e25aa2711630648ce7539f32e08d1718de9537ab77523d2ff 642.78MB / 2.53GB 20.9s
#4 sha256:ed090066e06c7eaa241e8fc89f9ec6272b77d864f132c5f826b0a9a7837b18b9 905.97MB / 1.44GB 21.3s
#4 sha256:ed090066e06c7eaa241e8fc89f9ec6272b77d864f132c5f826b0a9a7837b18b9 989.86MB / 1.44GB 23.3s
#4 sha256:7a161eee441c07ee5cb9a54c0cae8e6f76d5961b7f6679e39b972645b0a83bd6 634.39MB / 3.32GB 23.8s
#4 sha256:6b55bfaf2c7eaa1e25aa2711630648ce7539f32e08d1718de9537ab77523d2ff 772.80MB / 2.53GB 24.4s
#4 sha256:ed090066e06c7eaa241e8fc89f9ec6272b77d864f132c5f826b0a9a7837b18b9 1.07GB / 1.44GB 25.0s
#4 sha256:ed090066e06c7eaa241e8fc89f9ec6272b77d864f132c5f826b0a9a7837b18b9 1.14GB / 1.44GB 26.8s
#4 sha256:6b55bfaf2c7eaa1e25aa2711630648ce7539f32e08d1718de9537ab77523d2ff 908.07MB / 2.53GB 27.7s
#4 sha256:ed090066e06c7eaa241e8fc89f9ec6272b77d864f132c5f826b0a9a7837b18b9 1.22GB / 1.44GB 28.3s
#4 sha256:7a161eee441c07ee5cb9a54c0cae8e6f76d5961b7f6679e39b972645b0a83bd6 795.38MB / 3.32GB 28.8s
#4 sha256:ed090066e06c7eaa241e8fc89f9ec6272b77d864f132c5f826b0a9a7837b18b9 1.29GB / 1.44GB 30.0s
#4 sha256:6b55bfaf2c7eaa1e25aa2711630648ce7539f32e08d1718de9537ab77523d2ff 1.04GB / 2.53GB 31.5s
#4 sha256:ed090066e06c7eaa241e8fc89f9ec6272b77d864f132c5f826b0a9a7837b18b9 1.37GB / 1.44GB 31.7s
#4 sha256:ed090066e06c7eaa241e8fc89f9ec6272b77d864f132c5f826b0a9a7837b18b9 1.44GB / 1.44GB 33.2s
#4 sha256:7a161eee441c07ee5cb9a54c0cae8e6f76d5961b7f6679e39b972645b0a83bd6 962.59MB / 3.32GB 33.6s
#4 sha256:6b55bfaf2c7eaa1e25aa2711630648ce7539f32e08d1718de9537ab77523d2ff 1.17GB / 2.53GB 34.3s
#4 sha256:6b55bfaf2c7eaa1e25aa2711630648ce7539f32e08d1718de9537ab77523d2ff 1.30GB / 2.53GB 36.6s
#4 sha256:7a161eee441c07ee5cb9a54c0cae8e6f76d5961b7f6679e39b972645b0a83bd6 1.13GB / 3.32GB 38.1s
#4 sha256:ed090066e06c7eaa241e8fc89f9ec6272b77d864f132c5f826b0a9a7837b18b9 1.44GB / 1.44GB 38.3s
#4 sha256:6b55bfaf2c7eaa1e25aa2711630648ce7539f32e08d1718de9537ab77523d2ff 1.43GB / 2.53GB 38.5s
#4 sha256:6b55bfaf2c7eaa1e25aa2711630648ce7539f32e08d1718de9537ab77523d2ff 1.56GB / 2.53GB 40.7s
#4 sha256:7a161eee441c07ee5cb9a54c0cae8e6f76d5961b7f6679e39b972645b0a83bd6 1.30GB / 3.32GB 42.3s
#4 sha256:6b55bfaf2c7eaa1e25aa2711630648ce7539f32e08d1718de9537ab77523d2ff 1.69GB / 2.53GB 43.0s
#4 sha256:ed090066e06c7eaa241e8fc89f9ec6272b77d864f132c5f826b0a9a7837b18b9 1.44GB / 1.44GB 43.3s
#4 sha256:6b55bfaf2c7eaa1e25aa2711630648ce7539f32e08d1718de9537ab77523d2ff 1.82GB / 2.53GB 46.0s
#4 sha256:7a161eee441c07ee5cb9a54c0cae8e6f76d5961b7f6679e39b972645b0a83bd6 1.47GB / 3.32GB 46.3s
#4 sha256:ed090066e06c7eaa241e8fc89f9ec6272b77d864f132c5f826b0a9a7837b18b9 1.44GB / 1.44GB 48.5s
#4 sha256:6b55bfaf2c7eaa1e25aa2711630648ce7539f32e08d1718de9537ab77523d2ff 1.95GB / 2.53GB 48.5s
#4 sha256:7a161eee441c07ee5cb9a54c0cae8e6f76d5961b7f6679e39b972645b0a83bd6 1.64GB / 3.32GB 50.0s
#4 sha256:6b55bfaf2c7eaa1e25aa2711630648ce7539f32e08d1718de9537ab77523d2ff 2.08GB / 2.53GB 50.5s
#4 sha256:ed090066e06c7eaa241e8fc89f9ec6272b77d864f132c5f826b0a9a7837b18b9 1.44GB / 1.44GB 53.5s
#4 sha256:7a161eee441c07ee5cb9a54c0cae8e6f76d5961b7f6679e39b972645b0a83bd6 1.81GB / 3.32GB 53.8s
#4 sha256:6b55bfaf2c7eaa1e25aa2711630648ce7539f32e08d1718de9537ab77523d2ff 2.21GB / 2.53GB 53.9s
#4 sha256:ed090066e06c7eaa241e8fc89f9ec6272b77d864f132c5f826b0a9a7837b18b9 1.44GB / 1.44GB 55.2s done
#4 sha256:4f4fb700ef54461cfa02571ae0db9a0dc1e0cdb5577484a6d75e68dc38e8acc1 0B / 32B 56.6s
#4 sha256:6b55bfaf2c7eaa1e25aa2711630648ce7539f32e08d1718de9537ab77523d2ff 2.34GB / 2.53GB 56.7s
#4 extracting sha256:ed090066e06c7eaa241e8fc89f9ec6272b77d864f132c5f826b0a9a7837b18b9 0.1s
#4 sha256:4f4fb700ef54461cfa02571ae0db9a0dc1e0cdb5577484a6d75e68dc38e8acc1 32B / 32B 57.0s
#4 sha256:7a161eee441c07ee5cb9a54c0cae8e6f76d5961b7f6679e39b972645b0a83bd6 1.98GB / 3.32GB 58.0s
#4 sha256:4f4fb700ef54461cfa02571ae0db9a0dc1e0cdb5577484a6d75e68dc38e8acc1 32B / 32B 58.0s done
#4 sha256:ba67d7f7e9e83bb8c374c8dcf29d0bb06086a67b954e13bdf269cd418ea09139 0B / 99B 59.7s
#4 sha256:ba67d7f7e9e83bb8c374c8dcf29d0bb06086a67b954e13bdf269cd418ea09139 99B / 99B 59.9s
#4 sha256:6b55bfaf2c7eaa1e25aa2711630648ce7539f32e08d1718de9537ab77523d2ff 2.47GB / 2.53GB 60.1s
#4 sha256:ba67d7f7e9e83bb8c374c8dcf29d0bb06086a67b954e13bdf269cd418ea09139 99B / 99B 60.7s done
#4 sha256:7a161eee441c07ee5cb9a54c0cae8e6f76d5961b7f6679e39b972645b0a83bd6 2.15GB / 3.32GB 61.8s
#4 extracting sha256:ed090066e06c7eaa241e8fc89f9ec6272b77d864f132c5f826b0a9a7837b18b9 5.2s
#4 sha256:ef5b7a85e1b6eba4e456d86a56df5c99db0e8b004c7d6c51ad2da8ae71d6f49b 0B / 9.44GB 62.8s
#4 sha256:6b55bfaf2c7eaa1e25aa2711630648ce7539f32e08d1718de9537ab77523d2ff 2.53GB / 2.53GB 65.2s
#4 sha256:7a161eee441c07ee5cb9a54c0cae8e6f76d5961b7f6679e39b972645b0a83bd6 2.32GB / 3.32GB 65.9s
#4 extracting sha256:ed090066e06c7eaa241e8fc89f9ec6272b77d864f132c5f826b0a9a7837b18b9 10.2s
#4 sha256:ef5b7a85e1b6eba4e456d86a56df5c99db0e8b004c7d6c51ad2da8ae71d6f49b 271.58MB / 9.44GB 67.9s
#4 sha256:7a161eee441c07ee5cb9a54c0cae8e6f76d5961b7f6679e39b972645b0a83bd6 2.49GB / 3.32GB 69.7s
#4 sha256:6b55bfaf2c7eaa1e25aa2711630648ce7539f32e08d1718de9537ab77523d2ff 2.53GB / 2.53GB 70.2s
#4 extracting sha256:ed090066e06c7eaa241e8fc89f9ec6272b77d864f132c5f826b0a9a7837b18b9 15.2s
#4 sha256:7a161eee441c07ee5cb9a54c0cae8e6f76d5961b7f6679e39b972645b0a83bd6 2.65GB / 3.32GB 72.8s
#4 sha256:ef5b7a85e1b6eba4e456d86a56df5c99db0e8b004c7d6c51ad2da8ae71d6f49b 546.31MB / 9.44GB 73.0s
#4 sha256:6b55bfaf2c7eaa1e25aa2711630648ce7539f32e08d1718de9537ab77523d2ff 2.53GB / 2.53GB 75.3s
#4 sha256:7a161eee441c07ee5cb9a54c0cae8e6f76d5961b7f6679e39b972645b0a83bd6 2.82GB / 3.32GB 76.0s
#4 extracting sha256:ed090066e06c7eaa241e8fc89f9ec6272b77d864f132c5f826b0a9a7837b18b9 20.3s
#4 sha256:ef5b7a85e1b6eba4e456d86a56df5c99db0e8b004c7d6c51ad2da8ae71d6f49b 801.11MB / 9.44GB 78.1s
#4 sha256:7a161eee441c07ee5cb9a54c0cae8e6f76d5961b7f6679e39b972645b0a83bd6 3.00GB / 3.32GB 80.0s
#4 sha256:6b55bfaf2c7eaa1e25aa2711630648ce7539f32e08d1718de9537ab77523d2ff 2.53GB / 2.53GB 80.4s
#4 extracting sha256:ed090066e06c7eaa241e8fc89f9ec6272b77d864f132c5f826b0a9a7837b18b9 25.0s done
#4 sha256:7a161eee441c07ee5cb9a54c0cae8e6f76d5961b7f6679e39b972645b0a83bd6 3.17GB / 3.32GB 82.6s
#4 sha256:ef5b7a85e1b6eba4e456d86a56df5c99db0e8b004c7d6c51ad2da8ae71d6f49b 1.03GB / 9.44GB 83.1s
#4 sha256:6b55bfaf2c7eaa1e25aa2711630648ce7539f32e08d1718de9537ab77523d2ff 2.53GB / 2.53GB 85.4s
#4 sha256:7a161eee441c07ee5cb9a54c0cae8e6f76d5961b7f6679e39b972645b0a83bd6 3.32GB / 3.32GB 87.7s
#4 extracting sha256:835e4741a0ed629c57f53388056767b4f1fad8a94e8513d0a49deb565e276141
#4 extracting sha256:835e4741a0ed629c57f53388056767b4f1fad8a94e8513d0a49deb565e276141 done
#4 sha256:ef5b7a85e1b6eba4e456d86a56df5c99db0e8b004c7d6c51ad2da8ae71d6f49b 1.29GB / 9.44GB 88.1s
#4 sha256:6b55bfaf2c7eaa1e25aa2711630648ce7539f32e08d1718de9537ab77523d2ff 2.53GB / 2.53GB 90.6s
#4 sha256:7a161eee441c07ee5cb9a54c0cae8e6f76d5961b7f6679e39b972645b0a83bd6 3.32GB / 3.32GB 92.9s
#4 sha256:ef5b7a85e1b6eba4e456d86a56df5c99db0e8b004c7d6c51ad2da8ae71d6f49b 1.52GB / 9.44GB 93.2s
#4 sha256:6b55bfaf2c7eaa1e25aa2711630648ce7539f32e08d1718de9537ab77523d2ff 2.53GB / 2.53GB 94.4s done
#4 sha256:af793c60b808cf2f66c62c35e84630769101a7bddeb4a659c10e0ccd096d27f0 0B / 98.06MB 96.7s
#4 sha256:af793c60b808cf2f66c62c35e84630769101a7bddeb4a659c10e0ccd096d27f0 9.44MB / 98.06MB 97.1s
#4 sha256:af793c60b808cf2f66c62c35e84630769101a7bddeb4a659c10e0ccd096d27f0 15.73MB / 98.06MB 97.2s
#4 sha256:af793c60b808cf2f66c62c35e84630769101a7bddeb4a659c10e0ccd096d27f0 26.67MB / 98.06MB 97.4s
#4 sha256:af793c60b808cf2f66c62c35e84630769101a7bddeb4a659c10e0ccd096d27f0 32.51MB / 98.06MB 97.5s
#4 extracting sha256:6aee6792f0ce4b47d774df27fb918aace91ef8d468dd9a214eba9a845ad52cd9 done
#4 sha256:af793c60b808cf2f66c62c35e84630769101a7bddeb4a659c10e0ccd096d27f0 38.80MB / 98.06MB 97.7s
#4 sha256:7a161eee441c07ee5cb9a54c0cae8e6f76d5961b7f6679e39b972645b0a83bd6 3.32GB / 3.32GB 97.9s
#4 sha256:af793c60b808cf2f66c62c35e84630769101a7bddeb4a659c10e0ccd096d27f0 53.48MB / 98.06MB 97.9s
#4 sha256:af793c60b808cf2f66c62c35e84630769101a7bddeb4a659c10e0ccd096d27f0 58.72MB / 98.06MB 98.0s
#4 sha256:ef5b7a85e1b6eba4e456d86a56df5c99db0e8b004c7d6c51ad2da8ae71d6f49b 1.75GB / 9.44GB 98.2s
#4 sha256:af793c60b808cf2f66c62c35e84630769101a7bddeb4a659c10e0ccd096d27f0 63.96MB / 98.06MB 98.2s
#4 sha256:af793c60b808cf2f66c62c35e84630769101a7bddeb4a659c10e0ccd096d27f0 80.74MB / 98.06MB 98.4s
#4 sha256:af793c60b808cf2f66c62c35e84630769101a7bddeb4a659c10e0ccd096d27f0 93.32MB / 98.06MB 98.6s
#4 sha256:7a161eee441c07ee5cb9a54c0cae8e6f76d5961b7f6679e39b972645b0a83bd6 3.32GB / 3.32GB 103.1s
#4 sha256:af793c60b808cf2f66c62c35e84630769101a7bddeb4a659c10e0ccd096d27f0 98.06MB / 98.06MB 102.5s done
#4 sha256:ef5b7a85e1b6eba4e456d86a56df5c99db0e8b004c7d6c51ad2da8ae71d6f49b 2.16GB / 9.44GB 103.3s
#4 sha256:b6f5bd5be55d4c4776f72f72df67427b1a8d5dfd5678576b73fdb1b6b550b45c 0B / 71.49MB 106.1s
#4 extracting sha256:18ef190c1b6c9d96dbbd26f49ec1548ab03a7746ca5877eed3e8c6d39a8c762e
#4 extracting sha256:18ef190c1b6c9d96dbbd26f49ec1548ab03a7746ca5877eed3e8c6d39a8c762e done
#4 sha256:b6f5bd5be55d4c4776f72f72df67427b1a8d5dfd5678576b73fdb1b6b550b45c 7.34MB / 71.49MB 106.8s
#4 sha256:b6f5bd5be55d4c4776f72f72df67427b1a8d5dfd5678576b73fdb1b6b550b45c 18.87MB / 71.49MB 107.0s
#4 sha256:b6f5bd5be55d4c4776f72f72df67427b1a8d5dfd5678576b73fdb1b6b550b45c 30.41MB / 71.49MB 107.4s
#4 sha256:b6f5bd5be55d4c4776f72f72df67427b1a8d5dfd5678576b73fdb1b6b550b45c 37.75MB / 71.49MB 107.5s
#4 sha256:b6f5bd5be55d4c4776f72f72df67427b1a8d5dfd5678576b73fdb1b6b550b45c 42.99MB / 71.49MB 107.6s
#4 sha256:b6f5bd5be55d4c4776f72f72df67427b1a8d5dfd5678576b73fdb1b6b550b45c 47.19MB / 71.49MB 107.7s
#4 sha256:b6f5bd5be55d4c4776f72f72df67427b1a8d5dfd5678576b73fdb1b6b550b45c 55.57MB / 71.49MB 107.9s
#4 sha256:b6f5bd5be55d4c4776f72f72df67427b1a8d5dfd5678576b73fdb1b6b550b45c 61.87MB / 71.49MB 108.1s
#4 sha256:7a161eee441c07ee5cb9a54c0cae8e6f76d5961b7f6679e39b972645b0a83bd6 3.32GB / 3.32GB 108.2s
#4 sha256:ef5b7a85e1b6eba4e456d86a56df5c99db0e8b004c7d6c51ad2da8ae71d6f49b 2.52GB / 9.44GB 108.4s
#4 sha256:b6f5bd5be55d4c4776f72f72df67427b1a8d5dfd5678576b73fdb1b6b550b45c 69.21MB / 71.49MB 108.3s
#4 sha256:7a161eee441c07ee5cb9a54c0cae8e6f76d5961b7f6679e39b972645b0a83bd6 3.32GB / 3.32GB 113.4s
#4 sha256:b6f5bd5be55d4c4776f72f72df67427b1a8d5dfd5678576b73fdb1b6b550b45c 71.49MB / 71.49MB 112.9s done
#4 sha256:ef5b7a85e1b6eba4e456d86a56df5c99db0e8b004c7d6c51ad2da8ae71d6f49b 2.79GB / 9.44GB 113.5s
#4 sha256:f81533cdea23d83140cf10696ca3c06d733b4a7c0a5a493fb17c48ed1bf82993 0B / 9.30MB 116.8s
#4 sha256:f81533cdea23d83140cf10696ca3c06d733b4a7c0a5a493fb17c48ed1bf82993 3.15MB / 9.30MB 117.1s
#4 sha256:f81533cdea23d83140cf10696ca3c06d733b4a7c0a5a493fb17c48ed1bf82993 5.24MB / 9.30MB 117.6s
#4 sha256:f81533cdea23d83140cf10696ca3c06d733b4a7c0a5a493fb17c48ed1bf82993 9.30MB / 9.30MB 117.8s
#4 sha256:7a161eee441c07ee5cb9a54c0cae8e6f76d5961b7f6679e39b972645b0a83bd6 3.32GB / 3.32GB 118.4s
#4 sha256:ef5b7a85e1b6eba4e456d86a56df5c99db0e8b004c7d6c51ad2da8ae71d6f49b 3.13GB / 9.44GB 118.7s
#4 sha256:f81533cdea23d83140cf10696ca3c06d733b4a7c0a5a493fb17c48ed1bf82993 9.30MB / 9.30MB 120.0s done
#4 extracting sha256:6b55bfaf2c7eaa1e25aa2711630648ce7539f32e08d1718de9537ab77523d2ff 0.1s
#4 sha256:25695920338a256d1c7a31806f2780f853801b1cc7aebc04a5a39bbb1898a0f6 0B / 236.03kB 122.7s
#4 sha256:25695920338a256d1c7a31806f2780f853801b1cc7aebc04a5a39bbb1898a0f6 236.03kB / 236.03kB 123.2s
#4 sha256:7a161eee441c07ee5cb9a54c0cae8e6f76d5961b7f6679e39b972645b0a83bd6 3.32GB / 3.32GB 123.5s
#4 sha256:ef5b7a85e1b6eba4e456d86a56df5c99db0e8b004c7d6c51ad2da8ae71d6f49b 3.50GB / 9.44GB 123.8s
#4 sha256:25695920338a256d1c7a31806f2780f853801b1cc7aebc04a5a39bbb1898a0f6 236.03kB / 236.03kB 124.3s done
#4 extracting sha256:6b55bfaf2c7eaa1e25aa2711630648ce7539f32e08d1718de9537ab77523d2ff 5.2s
#4 sha256:a4f7447e9e518abc93cc6c875e54394dd03422524efa97a6dede6a3bb81f383e 0B / 35.14kB 127.3s
#4 sha256:a4f7447e9e518abc93cc6c875e54394dd03422524efa97a6dede6a3bb81f383e 35.14kB / 35.14kB 127.6s
#4 sha256:7a161eee441c07ee5cb9a54c0cae8e6f76d5961b7f6679e39b972645b0a83bd6 3.32GB / 3.32GB 128.6s
#4 sha256:ef5b7a85e1b6eba4e456d86a56df5c99db0e8b004c7d6c51ad2da8ae71d6f49b 3.83GB / 9.44GB 128.8s
#4 sha256:a4f7447e9e518abc93cc6c875e54394dd03422524efa97a6dede6a3bb81f383e 35.14kB / 35.14kB 129.3s done
#4 extracting sha256:6b55bfaf2c7eaa1e25aa2711630648ce7539f32e08d1718de9537ab77523d2ff 10.4s
#4 sha256:47b884a4f975cd7801cb169144c91743cc7295baedf49e231b58a868bba3ead1 0B / 97.70MB 132.7s
#4 sha256:47b884a4f975cd7801cb169144c91743cc7295baedf49e231b58a868bba3ead1 6.29MB / 97.70MB 133.1s
#4 sha256:47b884a4f975cd7801cb169144c91743cc7295baedf49e231b58a868bba3ead1 12.58MB / 97.70MB 133.3s
#4 sha256:47b884a4f975cd7801cb169144c91743cc7295baedf49e231b58a868bba3ead1 17.83MB / 97.70MB 133.5s
#4 sha256:7a161eee441c07ee5cb9a54c0cae8e6f76d5961b7f6679e39b972645b0a83bd6 3.32GB / 3.32GB 133.7s
#4 sha256:47b884a4f975cd7801cb169144c91743cc7295baedf49e231b58a868bba3ead1 24.12MB / 97.70MB 133.8s
#4 sha256:ef5b7a85e1b6eba4e456d86a56df5c99db0e8b004c7d6c51ad2da8ae71d6f49b 4.16GB / 9.44GB 133.9s
#4 sha256:47b884a4f975cd7801cb169144c91743cc7295baedf49e231b58a868bba3ead1 30.41MB / 97.70MB 134.0s
#4 sha256:47b884a4f975cd7801cb169144c91743cc7295baedf49e231b58a868bba3ead1 36.70MB / 97.70MB 134.2s
#4 sha256:7a161eee441c07ee5cb9a54c0cae8e6f76d5961b7f6679e39b972645b0a83bd6 3.32GB / 3.32GB 134.2s done
#4 sha256:47b884a4f975cd7801cb169144c91743cc7295baedf49e231b58a868bba3ead1 42.99MB / 97.70MB 134.5s
#4 sha256:47b884a4f975cd7801cb169144c91743cc7295baedf49e231b58a868bba3ead1 48.23MB / 97.70MB 134.6s
#4 sha256:47b884a4f975cd7801cb169144c91743cc7295baedf49e231b58a868bba3ead1 58.72MB / 97.70MB 134.8s
#4 sha256:47b884a4f975cd7801cb169144c91743cc7295baedf49e231b58a868bba3ead1 63.96MB / 97.70MB 134.9s
#4 sha256:47b884a4f975cd7801cb169144c91743cc7295baedf49e231b58a868bba3ead1 74.45MB / 97.70MB 135.1s
#4 sha256:47b884a4f975cd7801cb169144c91743cc7295baedf49e231b58a868bba3ead1 80.74MB / 97.70MB 135.2s
#4 sha256:47b884a4f975cd7801cb169144c91743cc7295baedf49e231b58a868bba3ead1 88.08MB / 97.70MB 135.3s
#4 sha256:47b884a4f975cd7801cb169144c91743cc7295baedf49e231b58a868bba3ead1 93.71MB / 97.70MB 135.4s
#4 sha256:f35dd9533d3d66803da7a3f3c52cb9780a9a7a758c5b7dd0630717f74ef712b4 0B / 9.54MB 135.9s
#4 extracting sha256:6b55bfaf2c7eaa1e25aa2711630648ce7539f32e08d1718de9537ab77523d2ff 15.4s
#4 sha256:f35dd9533d3d66803da7a3f3c52cb9780a9a7a758c5b7dd0630717f74ef712b4 1.05MB / 9.54MB 136.4s
#4 sha256:f35dd9533d3d66803da7a3f3c52cb9780a9a7a758c5b7dd0630717f74ef712b4 5.24MB / 9.54MB 136.5s
#4 sha256:f35dd9533d3d66803da7a3f3c52cb9780a9a7a758c5b7dd0630717f74ef712b4 6.29MB / 9.54MB 136.6s
#4 sha256:f35dd9533d3d66803da7a3f3c52cb9780a9a7a758c5b7dd0630717f74ef712b4 9.54MB / 9.54MB 136.7s
#4 sha256:47b884a4f975cd7801cb169144c91743cc7295baedf49e231b58a868bba3ead1 97.70MB / 97.70MB 138.0s done
#4 sha256:ef5b7a85e1b6eba4e456d86a56df5c99db0e8b004c7d6c51ad2da8ae71d6f49b 4.38GB / 9.44GB 138.9s
#4 sha256:f35dd9533d3d66803da7a3f3c52cb9780a9a7a758c5b7dd0630717f74ef712b4 9.54MB / 9.54MB 138.7s done
#4 sha256:18111376407d6cf7abdb73cbdd2d0259922f862d58392970a0ab841c17bd4eaf 0B / 566.65MB 140.3s
#4 extracting sha256:6b55bfaf2c7eaa1e25aa2711630648ce7539f32e08d1718de9537ab77523d2ff 20.4s
#4 sha256:cba1a91b41fa8546519f04568f54054a5f8ce3ae0b0165f693a7e443f9f3bca1 0B / 50.01MB 141.3s
#4 sha256:18111376407d6cf7abdb73cbdd2d0259922f862d58392970a0ab841c17bd4eaf 32.51MB / 566.65MB 141.4s
#4 sha256:cba1a91b41fa8546519f04568f54054a5f8ce3ae0b0165f693a7e443f9f3bca1 4.19MB / 50.01MB 141.9s
#4 sha256:18111376407d6cf7abdb73cbdd2d0259922f862d58392970a0ab841c17bd4eaf 62.91MB / 566.65MB 142.0s
#4 sha256:cba1a91b41fa8546519f04568f54054a5f8ce3ae0b0165f693a7e443f9f3bca1 7.34MB / 50.01MB 142.0s
#4 sha256:cba1a91b41fa8546519f04568f54054a5f8ce3ae0b0165f693a7e443f9f3bca1 13.63MB / 50.01MB 142.2s
#4 sha256:cba1a91b41fa8546519f04568f54054a5f8ce3ae0b0165f693a7e443f9f3bca1 18.87MB / 50.01MB 142.3s
#4 sha256:cba1a91b41fa8546519f04568f54054a5f8ce3ae0b0165f693a7e443f9f3bca1 22.02MB / 50.01MB 142.4s
#4 sha256:cba1a91b41fa8546519f04568f54054a5f8ce3ae0b0165f693a7e443f9f3bca1 26.21MB / 50.01MB 142.5s
#4 sha256:cba1a91b41fa8546519f04568f54054a5f8ce3ae0b0165f693a7e443f9f3bca1 30.41MB / 50.01MB 142.6s
#4 sha256:cba1a91b41fa8546519f04568f54054a5f8ce3ae0b0165f693a7e443f9f3bca1 34.60MB / 50.01MB 142.7s
#4 sha256:18111376407d6cf7abdb73cbdd2d0259922f862d58392970a0ab841c17bd4eaf 92.27MB / 566.65MB 142.8s
#4 sha256:cba1a91b41fa8546519f04568f54054a5f8ce3ae0b0165f693a7e443f9f3bca1 37.75MB / 50.01MB 142.8s
#4 sha256:cba1a91b41fa8546519f04568f54054a5f8ce3ae0b0165f693a7e443f9f3bca1 40.89MB / 50.01MB 142.9s
#4 sha256:cba1a91b41fa8546519f04568f54054a5f8ce3ae0b0165f693a7e443f9f3bca1 45.09MB / 50.01MB 143.0s
#4 sha256:cba1a91b41fa8546519f04568f54054a5f8ce3ae0b0165f693a7e443f9f3bca1 50.01MB / 50.01MB 143.2s
#4 sha256:18111376407d6cf7abdb73cbdd2d0259922f862d58392970a0ab841c17bd4eaf 121.63MB / 566.65MB 143.5s
#4 sha256:cba1a91b41fa8546519f04568f54054a5f8ce3ae0b0165f693a7e443f9f3bca1 50.01MB / 50.01MB 143.6s done
#4 sha256:cec79e6dd6c39117de7f9ff92ac956505b4ce74a55d03751cbb5c1fbcb3b61ab 0B / 115.88MB 143.7s
#4 sha256:ef5b7a85e1b6eba4e456d86a56df5c99db0e8b004c7d6c51ad2da8ae71d6f49b 4.64GB / 9.44GB 143.9s
#4 sha256:cec79e6dd6c39117de7f9ff92ac956505b4ce74a55d03751cbb5c1fbcb3b61ab 7.34MB / 115.88MB 144.1s
#4 sha256:18111376407d6cf7abdb73cbdd2d0259922f862d58392970a0ab841c17bd4eaf 154.14MB / 566.65MB 144.3s
#4 sha256:cec79e6dd6c39117de7f9ff92ac956505b4ce74a55d03751cbb5c1fbcb3b61ab 17.83MB / 115.88MB 144.4s
#4 sha256:cec79e6dd6c39117de7f9ff92ac956505b4ce74a55d03751cbb5c1fbcb3b61ab 24.12MB / 115.88MB 144.5s
#4 sha256:cec79e6dd6c39117de7f9ff92ac956505b4ce74a55d03751cbb5c1fbcb3b61ab 31.46MB / 115.88MB 144.7s
#4 sha256:cec79e6dd6c39117de7f9ff92ac956505b4ce74a55d03751cbb5c1fbcb3b61ab 37.75MB / 115.88MB 144.9s
#4 sha256:18111376407d6cf7abdb73cbdd2d0259922f862d58392970a0ab841c17bd4eaf 184.55MB / 566.65MB 145.1s
#4 sha256:cec79e6dd6c39117de7f9ff92ac956505b4ce74a55d03751cbb5c1fbcb3b61ab 44.04MB / 115.88MB 145.1s
#4 sha256:cec79e6dd6c39117de7f9ff92ac956505b4ce74a55d03751cbb5c1fbcb3b61ab 54.53MB / 115.88MB 145.4s
#4 sha256:cec79e6dd6c39117de7f9ff92ac956505b4ce74a55d03751cbb5c1fbcb3b61ab 63.96MB / 115.88MB 145.6s
#4 sha256:cec79e6dd6c39117de7f9ff92ac956505b4ce74a55d03751cbb5c1fbcb3b61ab 71.30MB / 115.88MB 145.8s
#4 sha256:18111376407d6cf7abdb73cbdd2d0259922f862d58392970a0ab841c17bd4eaf 217.06MB / 566.65MB 146.0s
#4 sha256:cec79e6dd6c39117de7f9ff92ac956505b4ce74a55d03751cbb5c1fbcb3b61ab 77.59MB / 115.88MB 146.0s
#4 extracting sha256:6b55bfaf2c7eaa1e25aa2711630648ce7539f32e08d1718de9537ab77523d2ff 25.5s
#4 sha256:cec79e6dd6c39117de7f9ff92ac956505b4ce74a55d03751cbb5c1fbcb3b61ab 85.98MB / 115.88MB 146.3s
#4 sha256:cec79e6dd6c39117de7f9ff92ac956505b4ce74a55d03751cbb5c1fbcb3b61ab 95.42MB / 115.88MB 146.5s
#4 sha256:cec79e6dd6c39117de7f9ff92ac956505b4ce74a55d03751cbb5c1fbcb3b61ab 106.95MB / 115.88MB 146.7s
#4 sha256:18111376407d6cf7abdb73cbdd2d0259922f862d58392970a0ab841c17bd4eaf 246.42MB / 566.65MB 146.9s
#4 sha256:cec79e6dd6c39117de7f9ff92ac956505b4ce74a55d03751cbb5c1fbcb3b61ab 115.88MB / 115.88MB 146.9s
#4 sha256:18111376407d6cf7abdb73cbdd2d0259922f862d58392970a0ab841c17bd4eaf 279.97MB / 566.65MB 147.6s
#4 sha256:18111376407d6cf7abdb73cbdd2d0259922f862d58392970a0ab841c17bd4eaf 317.72MB / 566.65MB 148.6s
#4 sha256:ef5b7a85e1b6eba4e456d86a56df5c99db0e8b004c7d6c51ad2da8ae71d6f49b 4.83GB / 9.44GB 149.0s
#4 sha256:18111376407d6cf7abdb73cbdd2d0259922f862d58392970a0ab841c17bd4eaf 348.13MB / 566.65MB 149.3s
#4 sha256:cec79e6dd6c39117de7f9ff92ac956505b4ce74a55d03751cbb5c1fbcb3b61ab 115.88MB / 115.88MB 149.5s done
#4 sha256:18111376407d6cf7abdb73cbdd2d0259922f862d58392970a0ab841c17bd4eaf 379.58MB / 566.65MB 150.4s
#4 sha256:18111376407d6cf7abdb73cbdd2d0259922f862d58392970a0ab841c17bd4eaf 411.04MB / 566.65MB 151.2s
#4 sha256:f931162da8bf19cae3932fedb04e8a0935c35cda20c8c87fae3ecf1cd213c7fc 0B / 333.54kB 151.2s
#4 extracting sha256:6b55bfaf2c7eaa1e25aa2711630648ce7539f32e08d1718de9537ab77523d2ff 30.7s
#4 sha256:f931162da8bf19cae3932fedb04e8a0935c35cda20c8c87fae3ecf1cd213c7fc 333.54kB / 333.54kB 151.5s
#4 sha256:18111376407d6cf7abdb73cbdd2d0259922f862d58392970a0ab841c17bd4eaf 443.55MB / 566.65MB 151.9s
#4 sha256:18111376407d6cf7abdb73cbdd2d0259922f862d58392970a0ab841c17bd4eaf 472.91MB / 566.65MB 152.5s
#4 sha256:f931162da8bf19cae3932fedb04e8a0935c35cda20c8c87fae3ecf1cd213c7fc 333.54kB / 333.54kB 152.4s done
#4 sha256:18111376407d6cf7abdb73cbdd2d0259922f862d58392970a0ab841c17bd4eaf 506.46MB / 566.65MB 153.2s
#4 sha256:18111376407d6cf7abdb73cbdd2d0259922f862d58392970a0ab841c17bd4eaf 536.87MB / 566.65MB 153.8s
#4 sha256:ef5b7a85e1b6eba4e456d86a56df5c99db0e8b004c7d6c51ad2da8ae71d6f49b 5.10GB / 9.44GB 154.0s
#4 sha256:18111376407d6cf7abdb73cbdd2d0259922f862d58392970a0ab841c17bd4eaf 566.65MB / 566.65MB 154.6s
#4 extracting sha256:6b55bfaf2c7eaa1e25aa2711630648ce7539f32e08d1718de9537ab77523d2ff 35.7s
#4 sha256:ef5b7a85e1b6eba4e456d86a56df5c99db0e8b004c7d6c51ad2da8ae71d6f49b 5.45GB / 9.44GB 159.1s
#4 sha256:18111376407d6cf7abdb73cbdd2d0259922f862d58392970a0ab841c17bd4eaf 566.65MB / 566.65MB 159.7s
#4 extracting sha256:6b55bfaf2c7eaa1e25aa2711630648ce7539f32e08d1718de9537ab77523d2ff 40.9s
#4 sha256:ef5b7a85e1b6eba4e456d86a56df5c99db0e8b004c7d6c51ad2da8ae71d6f49b 5.71GB / 9.44GB 164.2s
#4 sha256:18111376407d6cf7abdb73cbdd2d0259922f862d58392970a0ab841c17bd4eaf 566.65MB / 566.65MB 164.7s done
#4 extracting sha256:6b55bfaf2c7eaa1e25aa2711630648ce7539f32e08d1718de9537ab77523d2ff 46.0s
#4 sha256:ef5b7a85e1b6eba4e456d86a56df5c99db0e8b004c7d6c51ad2da8ae71d6f49b 6.03GB / 9.44GB 169.3s
#4 extracting sha256:6b55bfaf2c7eaa1e25aa2711630648ce7539f32e08d1718de9537ab77523d2ff 51.0s
#4 sha256:ef5b7a85e1b6eba4e456d86a56df5c99db0e8b004c7d6c51ad2da8ae71d6f49b 6.33GB / 9.44GB 174.4s
#4 extracting sha256:6b55bfaf2c7eaa1e25aa2711630648ce7539f32e08d1718de9537ab77523d2ff 56.0s
#4 sha256:ef5b7a85e1b6eba4e456d86a56df5c99db0e8b004c7d6c51ad2da8ae71d6f49b 6.58GB / 9.44GB 179.4s
#4 extracting sha256:6b55bfaf2c7eaa1e25aa2711630648ce7539f32e08d1718de9537ab77523d2ff 61.0s done
#4 sha256:ef5b7a85e1b6eba4e456d86a56df5c99db0e8b004c7d6c51ad2da8ae71d6f49b 6.84GB / 9.44GB 184.5s
#4 extracting sha256:91376825b4324e2abec846fbaaa2042bac4bbe0a97a4cc4f1914e80a297fa7f6
#4 extracting sha256:91376825b4324e2abec846fbaaa2042bac4bbe0a97a4cc4f1914e80a297fa7f6 done
#4 extracting sha256:fcf1d3708ce64b4e95ce2df04e1617575c02317bfbc4786bb38d81ed51d15ea8
#4 sha256:ef5b7a85e1b6eba4e456d86a56df5c99db0e8b004c7d6c51ad2da8ae71d6f49b 7.13GB / 9.44GB 189.6s
#4 extracting sha256:fcf1d3708ce64b4e95ce2df04e1617575c02317bfbc4786bb38d81ed51d15ea8 1.4s done
#4 sha256:ef5b7a85e1b6eba4e456d86a56df5c99db0e8b004c7d6c51ad2da8ae71d6f49b 7.45GB / 9.44GB 194.7s
#4 extracting sha256:7a161eee441c07ee5cb9a54c0cae8e6f76d5961b7f6679e39b972645b0a83bd6
#4 sha256:ef5b7a85e1b6eba4e456d86a56df5c99db0e8b004c7d6c51ad2da8ae71d6f49b 7.75GB / 9.44GB 199.8s
#4 extracting sha256:7a161eee441c07ee5cb9a54c0cae8e6f76d5961b7f6679e39b972645b0a83bd6 5.0s
#4 sha256:ef5b7a85e1b6eba4e456d86a56df5c99db0e8b004c7d6c51ad2da8ae71d6f49b 8.09GB / 9.44GB 204.9s
#4 extracting sha256:7a161eee441c07ee5cb9a54c0cae8e6f76d5961b7f6679e39b972645b0a83bd6 10.2s
#4 sha256:ef5b7a85e1b6eba4e456d86a56df5c99db0e8b004c7d6c51ad2da8ae71d6f49b 8.43GB / 9.44GB 209.9s
#4 extracting sha256:7a161eee441c07ee5cb9a54c0cae8e6f76d5961b7f6679e39b972645b0a83bd6 15.3s
#4 sha256:ef5b7a85e1b6eba4e456d86a56df5c99db0e8b004c7d6c51ad2da8ae71d6f49b 8.72GB / 9.44GB 215.0s
#4 extracting sha256:7a161eee441c07ee5cb9a54c0cae8e6f76d5961b7f6679e39b972645b0a83bd6 20.4s
#4 sha256:ef5b7a85e1b6eba4e456d86a56df5c99db0e8b004c7d6c51ad2da8ae71d6f49b 9.04GB / 9.44GB 220.1s
#4 extracting sha256:7a161eee441c07ee5cb9a54c0cae8e6f76d5961b7f6679e39b972645b0a83bd6 25.5s
#4 sha256:ef5b7a85e1b6eba4e456d86a56df5c99db0e8b004c7d6c51ad2da8ae71d6f49b 9.41GB / 9.44GB 225.1s
#4 extracting sha256:7a161eee441c07ee5cb9a54c0cae8e6f76d5961b7f6679e39b972645b0a83bd6 30.5s
#4 sha256:ef5b7a85e1b6eba4e456d86a56df5c99db0e8b004c7d6c51ad2da8ae71d6f49b 9.44GB / 9.44GB 230.2s
#4 extracting sha256:7a161eee441c07ee5cb9a54c0cae8e6f76d5961b7f6679e39b972645b0a83bd6 35.5s
#4 sha256:ef5b7a85e1b6eba4e456d86a56df5c99db0e8b004c7d6c51ad2da8ae71d6f49b 9.44GB / 9.44GB 235.2s
#4 extracting sha256:7a161eee441c07ee5cb9a54c0cae8e6f76d5961b7f6679e39b972645b0a83bd6 40.6s
#4 sha256:ef5b7a85e1b6eba4e456d86a56df5c99db0e8b004c7d6c51ad2da8ae71d6f49b 9.44GB / 9.44GB 240.3s
#4 extracting sha256:7a161eee441c07ee5cb9a54c0cae8e6f76d5961b7f6679e39b972645b0a83bd6 45.7s
#4 sha256:ef5b7a85e1b6eba4e456d86a56df5c99db0e8b004c7d6c51ad2da8ae71d6f49b 9.44GB / 9.44GB 245.3s
#4 extracting sha256:7a161eee441c07ee5cb9a54c0cae8e6f76d5961b7f6679e39b972645b0a83bd6 50.8s
#4 sha256:ef5b7a85e1b6eba4e456d86a56df5c99db0e8b004c7d6c51ad2da8ae71d6f49b 9.44GB / 9.44GB 250.4s
#4 extracting sha256:7a161eee441c07ee5cb9a54c0cae8e6f76d5961b7f6679e39b972645b0a83bd6 55.9s
#4 sha256:ef5b7a85e1b6eba4e456d86a56df5c99db0e8b004c7d6c51ad2da8ae71d6f49b 9.44GB / 9.44GB 255.5s
#4 extracting sha256:7a161eee441c07ee5cb9a54c0cae8e6f76d5961b7f6679e39b972645b0a83bd6 61.1s
#4 sha256:ef5b7a85e1b6eba4e456d86a56df5c99db0e8b004c7d6c51ad2da8ae71d6f49b 9.44GB / 9.44GB 260.6s
#4 extracting sha256:7a161eee441c07ee5cb9a54c0cae8e6f76d5961b7f6679e39b972645b0a83bd6 66.2s
#4 sha256:ef5b7a85e1b6eba4e456d86a56df5c99db0e8b004c7d6c51ad2da8ae71d6f49b 9.44GB / 9.44GB 265.7s
#4 extracting sha256:7a161eee441c07ee5cb9a54c0cae8e6f76d5961b7f6679e39b972645b0a83bd6 71.3s
#4 sha256:ef5b7a85e1b6eba4e456d86a56df5c99db0e8b004c7d6c51ad2da8ae71d6f49b 9.44GB / 9.44GB 270.8s
#4 extracting sha256:7a161eee441c07ee5cb9a54c0cae8e6f76d5961b7f6679e39b972645b0a83bd6 76.3s
#4 sha256:ef5b7a85e1b6eba4e456d86a56df5c99db0e8b004c7d6c51ad2da8ae71d6f49b 9.44GB / 9.44GB 275.9s
#4 extracting sha256:7a161eee441c07ee5cb9a54c0cae8e6f76d5961b7f6679e39b972645b0a83bd6 81.4s
#4 sha256:ef5b7a85e1b6eba4e456d86a56df5c99db0e8b004c7d6c51ad2da8ae71d6f49b 9.44GB / 9.44GB 281.0s
#4 extracting sha256:7a161eee441c07ee5cb9a54c0cae8e6f76d5961b7f6679e39b972645b0a83bd6 86.6s
#4 sha256:ef5b7a85e1b6eba4e456d86a56df5c99db0e8b004c7d6c51ad2da8ae71d6f49b 9.44GB / 9.44GB 286.1s
#4 extracting sha256:7a161eee441c07ee5cb9a54c0cae8e6f76d5961b7f6679e39b972645b0a83bd6 91.9s done
#4 sha256:ef5b7a85e1b6eba4e456d86a56df5c99db0e8b004c7d6c51ad2da8ae71d6f49b 9.44GB / 9.44GB 291.1s
#4 extracting sha256:4f4fb700ef54461cfa02571ae0db9a0dc1e0cdb5577484a6d75e68dc38e8acc1
#4 extracting sha256:4f4fb700ef54461cfa02571ae0db9a0dc1e0cdb5577484a6d75e68dc38e8acc1 done
#4 sha256:ef5b7a85e1b6eba4e456d86a56df5c99db0e8b004c7d6c51ad2da8ae71d6f49b 9.44GB / 9.44GB 296.2s
#4 extracting sha256:ba67d7f7e9e83bb8c374c8dcf29d0bb06086a67b954e13bdf269cd418ea09139
#4 extracting sha256:ba67d7f7e9e83bb8c374c8dcf29d0bb06086a67b954e13bdf269cd418ea09139 done
#4 sha256:ef5b7a85e1b6eba4e456d86a56df5c99db0e8b004c7d6c51ad2da8ae71d6f49b 9.44GB / 9.44GB 301.3s
#4 sha256:ef5b7a85e1b6eba4e456d86a56df5c99db0e8b004c7d6c51ad2da8ae71d6f49b 9.44GB / 9.44GB 306.4s
#4 sha256:ef5b7a85e1b6eba4e456d86a56df5c99db0e8b004c7d6c51ad2da8ae71d6f49b 9.44GB / 9.44GB 311.4s
#4 sha256:ef5b7a85e1b6eba4e456d86a56df5c99db0e8b004c7d6c51ad2da8ae71d6f49b 9.44GB / 9.44GB 316.4s
#4 sha256:ef5b7a85e1b6eba4e456d86a56df5c99db0e8b004c7d6c51ad2da8ae71d6f49b 9.44GB / 9.44GB 321.5s
#4 sha256:ef5b7a85e1b6eba4e456d86a56df5c99db0e8b004c7d6c51ad2da8ae71d6f49b 9.44GB / 9.44GB 326.5s
#4 sha256:ef5b7a85e1b6eba4e456d86a56df5c99db0e8b004c7d6c51ad2da8ae71d6f49b 9.44GB / 9.44GB 331.6s
#4 sha256:ef5b7a85e1b6eba4e456d86a56df5c99db0e8b004c7d6c51ad2da8ae71d6f49b 9.44GB / 9.44GB 336.7s
#4 sha256:ef5b7a85e1b6eba4e456d86a56df5c99db0e8b004c7d6c51ad2da8ae71d6f49b 9.44GB / 9.44GB 338.9s done
#4 extracting sha256:ef5b7a85e1b6eba4e456d86a56df5c99db0e8b004c7d6c51ad2da8ae71d6f49b
#4 extracting sha256:ef5b7a85e1b6eba4e456d86a56df5c99db0e8b004c7d6c51ad2da8ae71d6f49b 5.1s
#4 extracting sha256:ef5b7a85e1b6eba4e456d86a56df5c99db0e8b004c7d6c51ad2da8ae71d6f49b 10.2s
#4 extracting sha256:ef5b7a85e1b6eba4e456d86a56df5c99db0e8b004c7d6c51ad2da8ae71d6f49b 15.3s
#4 extracting sha256:ef5b7a85e1b6eba4e456d86a56df5c99db0e8b004c7d6c51ad2da8ae71d6f49b 20.3s
#4 extracting sha256:ef5b7a85e1b6eba4e456d86a56df5c99db0e8b004c7d6c51ad2da8ae71d6f49b 25.4s
#4 extracting sha256:ef5b7a85e1b6eba4e456d86a56df5c99db0e8b004c7d6c51ad2da8ae71d6f49b 30.5s
#4 extracting sha256:ef5b7a85e1b6eba4e456d86a56df5c99db0e8b004c7d6c51ad2da8ae71d6f49b 35.6s
#4 extracting sha256:ef5b7a85e1b6eba4e456d86a56df5c99db0e8b004c7d6c51ad2da8ae71d6f49b 40.6s
#4 extracting sha256:ef5b7a85e1b6eba4e456d86a56df5c99db0e8b004c7d6c51ad2da8ae71d6f49b 45.6s
#4 extracting sha256:ef5b7a85e1b6eba4e456d86a56df5c99db0e8b004c7d6c51ad2da8ae71d6f49b 50.7s
#4 extracting sha256:ef5b7a85e1b6eba4e456d86a56df5c99db0e8b004c7d6c51ad2da8ae71d6f49b 55.8s
#4 extracting sha256:ef5b7a85e1b6eba4e456d86a56df5c99db0e8b004c7d6c51ad2da8ae71d6f49b 60.8s
#4 extracting sha256:ef5b7a85e1b6eba4e456d86a56df5c99db0e8b004c7d6c51ad2da8ae71d6f49b 65.9s
#4 extracting sha256:ef5b7a85e1b6eba4e456d86a56df5c99db0e8b004c7d6c51ad2da8ae71d6f49b 70.9s
#4 extracting sha256:ef5b7a85e1b6eba4e456d86a56df5c99db0e8b004c7d6c51ad2da8ae71d6f49b 76.0s
#4 extracting sha256:ef5b7a85e1b6eba4e456d86a56df5c99db0e8b004c7d6c51ad2da8ae71d6f49b 81.1s
#4 extracting sha256:ef5b7a85e1b6eba4e456d86a56df5c99db0e8b004c7d6c51ad2da8ae71d6f49b 86.1s
#4 extracting sha256:ef5b7a85e1b6eba4e456d86a56df5c99db0e8b004c7d6c51ad2da8ae71d6f49b 91.2s
#4 extracting sha256:ef5b7a85e1b6eba4e456d86a56df5c99db0e8b004c7d6c51ad2da8ae71d6f49b 96.2s
#4 extracting sha256:ef5b7a85e1b6eba4e456d86a56df5c99db0e8b004c7d6c51ad2da8ae71d6f49b 101.3s
#4 extracting sha256:ef5b7a85e1b6eba4e456d86a56df5c99db0e8b004c7d6c51ad2da8ae71d6f49b 106.3s
#4 extracting sha256:ef5b7a85e1b6eba4e456d86a56df5c99db0e8b004c7d6c51ad2da8ae71d6f49b 111.4s
#4 extracting sha256:ef5b7a85e1b6eba4e456d86a56df5c99db0e8b004c7d6c51ad2da8ae71d6f49b 116.5s
#4 extracting sha256:ef5b7a85e1b6eba4e456d86a56df5c99db0e8b004c7d6c51ad2da8ae71d6f49b 121.6s
#4 extracting sha256:ef5b7a85e1b6eba4e456d86a56df5c99db0e8b004c7d6c51ad2da8ae71d6f49b 126.6s
#4 extracting sha256:ef5b7a85e1b6eba4e456d86a56df5c99db0e8b004c7d6c51ad2da8ae71d6f49b 131.7s
#4 extracting sha256:ef5b7a85e1b6eba4e456d86a56df5c99db0e8b004c7d6c51ad2da8ae71d6f49b 136.7s
#4 extracting sha256:ef5b7a85e1b6eba4e456d86a56df5c99db0e8b004c7d6c51ad2da8ae71d6f49b 141.8s
#4 extracting sha256:ef5b7a85e1b6eba4e456d86a56df5c99db0e8b004c7d6c51ad2da8ae71d6f49b 146.9s
#4 extracting sha256:ef5b7a85e1b6eba4e456d86a56df5c99db0e8b004c7d6c51ad2da8ae71d6f49b 151.9s
#4 extracting sha256:ef5b7a85e1b6eba4e456d86a56df5c99db0e8b004c7d6c51ad2da8ae71d6f49b 157.0s
#4 extracting sha256:ef5b7a85e1b6eba4e456d86a56df5c99db0e8b004c7d6c51ad2da8ae71d6f49b 162.1s
#4 extracting sha256:ef5b7a85e1b6eba4e456d86a56df5c99db0e8b004c7d6c51ad2da8ae71d6f49b 167.1s
#4 extracting sha256:ef5b7a85e1b6eba4e456d86a56df5c99db0e8b004c7d6c51ad2da8ae71d6f49b 172.1s
#4 extracting sha256:ef5b7a85e1b6eba4e456d86a56df5c99db0e8b004c7d6c51ad2da8ae71d6f49b 177.4s
#4 extracting sha256:ef5b7a85e1b6eba4e456d86a56df5c99db0e8b004c7d6c51ad2da8ae71d6f49b 182.4s
#4 extracting sha256:ef5b7a85e1b6eba4e456d86a56df5c99db0e8b004c7d6c51ad2da8ae71d6f49b 187.5s
#4 extracting sha256:ef5b7a85e1b6eba4e456d86a56df5c99db0e8b004c7d6c51ad2da8ae71d6f49b 192.5s
#4 extracting sha256:ef5b7a85e1b6eba4e456d86a56df5c99db0e8b004c7d6c51ad2da8ae71d6f49b 197.5s
#4 extracting sha256:ef5b7a85e1b6eba4e456d86a56df5c99db0e8b004c7d6c51ad2da8ae71d6f49b 202.6s
#4 extracting sha256:ef5b7a85e1b6eba4e456d86a56df5c99db0e8b004c7d6c51ad2da8ae71d6f49b 207.6s
#4 extracting sha256:ef5b7a85e1b6eba4e456d86a56df5c99db0e8b004c7d6c51ad2da8ae71d6f49b 212.7s
#4 extracting sha256:ef5b7a85e1b6eba4e456d86a56df5c99db0e8b004c7d6c51ad2da8ae71d6f49b 217.8s
#4 extracting sha256:ef5b7a85e1b6eba4e456d86a56df5c99db0e8b004c7d6c51ad2da8ae71d6f49b 222.8s
#4 extracting sha256:ef5b7a85e1b6eba4e456d86a56df5c99db0e8b004c7d6c51ad2da8ae71d6f49b 227.9s
#4 extracting sha256:ef5b7a85e1b6eba4e456d86a56df5c99db0e8b004c7d6c51ad2da8ae71d6f49b 232.9s
#4 extracting sha256:ef5b7a85e1b6eba4e456d86a56df5c99db0e8b004c7d6c51ad2da8ae71d6f49b 238.1s
#4 extracting sha256:ef5b7a85e1b6eba4e456d86a56df5c99db0e8b004c7d6c51ad2da8ae71d6f49b 243.1s
#4 extracting sha256:ef5b7a85e1b6eba4e456d86a56df5c99db0e8b004c7d6c51ad2da8ae71d6f49b 248.2s
#4 extracting sha256:ef5b7a85e1b6eba4e456d86a56df5c99db0e8b004c7d6c51ad2da8ae71d6f49b 253.2s
#4 extracting sha256:ef5b7a85e1b6eba4e456d86a56df5c99db0e8b004c7d6c51ad2da8ae71d6f49b 258.2s
#4 extracting sha256:ef5b7a85e1b6eba4e456d86a56df5c99db0e8b004c7d6c51ad2da8ae71d6f49b 263.3s
#4 extracting sha256:ef5b7a85e1b6eba4e456d86a56df5c99db0e8b004c7d6c51ad2da8ae71d6f49b 268.3s
#4 extracting sha256:ef5b7a85e1b6eba4e456d86a56df5c99db0e8b004c7d6c51ad2da8ae71d6f49b 273.4s
#4 extracting sha256:ef5b7a85e1b6eba4e456d86a56df5c99db0e8b004c7d6c51ad2da8ae71d6f49b 278.4s
#4 extracting sha256:ef5b7a85e1b6eba4e456d86a56df5c99db0e8b004c7d6c51ad2da8ae71d6f49b 283.5s
#4 extracting sha256:ef5b7a85e1b6eba4e456d86a56df5c99db0e8b004c7d6c51ad2da8ae71d6f49b 288.5s
#4 extracting sha256:ef5b7a85e1b6eba4e456d86a56df5c99db0e8b004c7d6c51ad2da8ae71d6f49b 293.6s
#4 extracting sha256:ef5b7a85e1b6eba4e456d86a56df5c99db0e8b004c7d6c51ad2da8ae71d6f49b 298.7s
#4 extracting sha256:ef5b7a85e1b6eba4e456d86a56df5c99db0e8b004c7d6c51ad2da8ae71d6f49b 303.7s
#4 extracting sha256:ef5b7a85e1b6eba4e456d86a56df5c99db0e8b004c7d6c51ad2da8ae71d6f49b 308.7s
#4 extracting sha256:ef5b7a85e1b6eba4e456d86a56df5c99db0e8b004c7d6c51ad2da8ae71d6f49b 313.8s
#4 extracting sha256:ef5b7a85e1b6eba4e456d86a56df5c99db0e8b004c7d6c51ad2da8ae71d6f49b 318.8s
#4 extracting sha256:ef5b7a85e1b6eba4e456d86a56df5c99db0e8b004c7d6c51ad2da8ae71d6f49b 323.9s
#4 extracting sha256:ef5b7a85e1b6eba4e456d86a56df5c99db0e8b004c7d6c51ad2da8ae71d6f49b 329.0s
#4 extracting sha256:ef5b7a85e1b6eba4e456d86a56df5c99db0e8b004c7d6c51ad2da8ae71d6f49b 334.1s
#4 extracting sha256:ef5b7a85e1b6eba4e456d86a56df5c99db0e8b004c7d6c51ad2da8ae71d6f49b 334.5s done
#4 extracting sha256:af793c60b808cf2f66c62c35e84630769101a7bddeb4a659c10e0ccd096d27f0
#4 extracting sha256:af793c60b808cf2f66c62c35e84630769101a7bddeb4a659c10e0ccd096d27f0 2.4s done
#4 extracting sha256:b6f5bd5be55d4c4776f72f72df67427b1a8d5dfd5678576b73fdb1b6b550b45c
#4 extracting sha256:b6f5bd5be55d4c4776f72f72df67427b1a8d5dfd5678576b73fdb1b6b550b45c 1.0s done
#4 extracting sha256:f81533cdea23d83140cf10696ca3c06d733b4a7c0a5a493fb17c48ed1bf82993
#4 extracting sha256:f81533cdea23d83140cf10696ca3c06d733b4a7c0a5a493fb17c48ed1bf82993 0.8s done
#4 extracting sha256:25695920338a256d1c7a31806f2780f853801b1cc7aebc04a5a39bbb1898a0f6
#4 extracting sha256:25695920338a256d1c7a31806f2780f853801b1cc7aebc04a5a39bbb1898a0f6 0.7s done
#4 extracting sha256:a4f7447e9e518abc93cc6c875e54394dd03422524efa97a6dede6a3bb81f383e
#4 extracting sha256:a4f7447e9e518abc93cc6c875e54394dd03422524efa97a6dede6a3bb81f383e done
#4 extracting sha256:47b884a4f975cd7801cb169144c91743cc7295baedf49e231b58a868bba3ead1
#4 extracting sha256:47b884a4f975cd7801cb169144c91743cc7295baedf49e231b58a868bba3ead1 2.4s done
#4 extracting sha256:f35dd9533d3d66803da7a3f3c52cb9780a9a7a758c5b7dd0630717f74ef712b4
#4 extracting sha256:f35dd9533d3d66803da7a3f3c52cb9780a9a7a758c5b7dd0630717f74ef712b4 0.4s done
#4 extracting sha256:18111376407d6cf7abdb73cbdd2d0259922f862d58392970a0ab841c17bd4eaf
#4 extracting sha256:18111376407d6cf7abdb73cbdd2d0259922f862d58392970a0ab841c17bd4eaf 5.1s
#4 extracting sha256:18111376407d6cf7abdb73cbdd2d0259922f862d58392970a0ab841c17bd4eaf 10.1s
#4 extracting sha256:18111376407d6cf7abdb73cbdd2d0259922f862d58392970a0ab841c17bd4eaf 15.2s
#4 extracting sha256:18111376407d6cf7abdb73cbdd2d0259922f862d58392970a0ab841c17bd4eaf 20.3s
#4 extracting sha256:18111376407d6cf7abdb73cbdd2d0259922f862d58392970a0ab841c17bd4eaf 25.3s
#4 extracting sha256:18111376407d6cf7abdb73cbdd2d0259922f862d58392970a0ab841c17bd4eaf 27.3s done
#4 extracting sha256:cba1a91b41fa8546519f04568f54054a5f8ce3ae0b0165f693a7e443f9f3bca1
#4 extracting sha256:cba1a91b41fa8546519f04568f54054a5f8ce3ae0b0165f693a7e443f9f3bca1 1.6s done
#4 extracting sha256:cec79e6dd6c39117de7f9ff92ac956505b4ce74a55d03751cbb5c1fbcb3b61ab
#4 extracting sha256:cec79e6dd6c39117de7f9ff92ac956505b4ce74a55d03751cbb5c1fbcb3b61ab 3.8s done
#4 extracting sha256:f931162da8bf19cae3932fedb04e8a0935c35cda20c8c87fae3ecf1cd213c7fc
#4 extracting sha256:f931162da8bf19cae3932fedb04e8a0935c35cda20c8c87fae3ecf1cd213c7fc 1.2s done
#4 DONE 780.4s

#6 [2/3] WORKDIR /app
#6 DONE 0.7s

#7 [3/3] COPY . .
#7 DONE 4.6s

#8 exporting to image
#8 exporting layers
#8 exporting layers 2.2s done
#8 writing image sha256:8afd27f9e0ed4d97623fad84f5c4276a7529a3fccf5416aa757bd4f63d3dfdfc 0.0s done
#8 naming to docker.io/library/oscb-api:latest 0.1s done
#8 DONE 2.5s
Building MySQL (oscb-mysql:latest)...
#0 building with "default" instance using docker driver

#1 [internal] load build definition from Dockerfile
#1 transferring dockerfile:
#1 transferring dockerfile: 162B done
#1 DONE 0.4s

#2 [internal] load metadata for docker.io/library/mysql:8.0
#2 DONE 2.1s

#3 [internal] load .dockerignore
#3 transferring context:
#3 transferring context: 2B done
#3 DONE 0.6s

#4 [1/2] FROM docker.io/library/mysql:8.0@sha256:64756cc92f707eb504496d774353990bcb0f6999ddf598b6ad188f2da66bd000
#4 resolve docker.io/library/mysql:8.0@sha256:64756cc92f707eb504496d774353990bcb0f6999ddf598b6ad188f2da66bd000
#4 resolve docker.io/library/mysql:8.0@sha256:64756cc92f707eb504496d774353990bcb0f6999ddf598b6ad188f2da66bd000 0.6s done
#4 ...

#5 [internal] load build context
#5 transferring context: 123.61kB done
#5 DONE 0.6s

#4 [1/2] FROM docker.io/library/mysql:8.0@sha256:64756cc92f707eb504496d774353990bcb0f6999ddf598b6ad188f2da66bd000
#4 sha256:64756cc92f707eb504496d774353990bcb0f6999ddf598b6ad188f2da66bd000 2.60kB / 2.60kB done
#4 sha256:ce4d5c5f9df534fb059e6826805ad7dc3cb431589d4d99cc0869f5ee766e0f47 3.04kB / 3.04kB done
#4 sha256:a123df39bc7c56bb6e40f8e5ef90469cc191dd7afcbf6e0d618c61a12e225dde 6.94kB / 6.94kB done
#4 sha256:d4c7048d1cf1fb6137e2c8f7ae456b3950d5b1e9986feb08e68d4b0d7508481c 0B / 47.31MB 0.2s
#4 sha256:d4c7048d1cf1fb6137e2c8f7ae456b3950d5b1e9986feb08e68d4b0d7508481c 3.15MB / 47.31MB 0.4s
#4 sha256:771773a1fe7a287a99961aa418480b426afac3fd952ff665679460a025bfb081 0B / 783.54kB 0.4s
#4 sha256:6375ec02106fda1bca765991c2ae7e94feee38406b82fe4a75ba218117352f73 0B / 883B 0.4s
#4 sha256:d4c7048d1cf1fb6137e2c8f7ae456b3950d5b1e9986feb08e68d4b0d7508481c 7.34MB / 47.31MB 0.6s
#4 sha256:771773a1fe7a287a99961aa418480b426afac3fd952ff665679460a025bfb081 783.54kB / 783.54kB 0.5s
#4 sha256:6375ec02106fda1bca765991c2ae7e94feee38406b82fe4a75ba218117352f73 883B / 883B 0.6s
#4 sha256:771773a1fe7a287a99961aa418480b426afac3fd952ff665679460a025bfb081 783.54kB / 783.54kB 0.5s done
#4 sha256:6375ec02106fda1bca765991c2ae7e94feee38406b82fe4a75ba218117352f73 883B / 883B 0.6s done
#4 sha256:d4c7048d1cf1fb6137e2c8f7ae456b3950d5b1e9986feb08e68d4b0d7508481c 11.53MB / 47.31MB 0.9s
#4 sha256:c3b8cfb10b4105aba2598ceaf2ff12fa912a9b79019f490d6012cf5a26a72150 0B / 6.17MB 0.9s
#4 sha256:d4c7048d1cf1fb6137e2c8f7ae456b3950d5b1e9986feb08e68d4b0d7508481c 14.68MB / 47.31MB 1.0s
#4 sha256:1378718ee973de3d06994e102aae9f8bc8502d19fc445a2fd10aad5072f3e41f 0B / 2.60kB 1.0s
#4 sha256:d4c7048d1cf1fb6137e2c8f7ae456b3950d5b1e9986feb08e68d4b0d7508481c 18.87MB / 47.31MB 1.2s
#4 sha256:c3b8cfb10b4105aba2598ceaf2ff12fa912a9b79019f490d6012cf5a26a72150 5.24MB / 6.17MB 1.2s
#4 sha256:1378718ee973de3d06994e102aae9f8bc8502d19fc445a2fd10aad5072f3e41f 2.60kB / 2.60kB 1.0s done
#4 sha256:d4c7048d1cf1fb6137e2c8f7ae456b3950d5b1e9986feb08e68d4b0d7508481c 24.12MB / 47.31MB 1.4s
#4 sha256:c3b8cfb10b4105aba2598ceaf2ff12fa912a9b79019f490d6012cf5a26a72150 6.17MB / 6.17MB 1.3s done
#4 sha256:5915b0e5580c575ffc903550eb7154ed40c8061183b4fd7c388b22777a00a763 0B / 332B 1.4s
#4 sha256:5915b0e5580c575ffc903550eb7154ed40c8061183b4fd7c388b22777a00a763 332B / 332B 1.5s done
#4 sha256:60c3210ab1f66cb810209d98054f584dac71e7d7400353564836ee757ce4b56f 0B / 49.92MB 1.6s
#4 sha256:d4c7048d1cf1fb6137e2c8f7ae456b3950d5b1e9986feb08e68d4b0d7508481c 29.36MB / 47.31MB 1.7s
#4 sha256:440208b3f29f4ead9129c30126fa8d16b9dfed3f9b589c15f1c2d2e1106a0a94 0B / 318B 1.7s
#4 sha256:d4c7048d1cf1fb6137e2c8f7ae456b3950d5b1e9986feb08e68d4b0d7508481c 32.51MB / 47.31MB 1.9s
#4 sha256:440208b3f29f4ead9129c30126fa8d16b9dfed3f9b589c15f1c2d2e1106a0a94 318B / 318B 1.8s done
#4 sha256:60c3210ab1f66cb810209d98054f584dac71e7d7400353564836ee757ce4b56f 3.15MB / 49.92MB 2.0s
#4 sha256:10ee8ef3b9fc071e2328d497ccfe791a71384581d555be43b0dc71901ddb1d11 0B / 128.10MB 2.0s
#4 sha256:d4c7048d1cf1fb6137e2c8f7ae456b3950d5b1e9986feb08e68d4b0d7508481c 36.70MB / 47.31MB 2.2s
#4 sha256:60c3210ab1f66cb810209d98054f584dac71e7d7400353564836ee757ce4b56f 6.29MB / 49.92MB 2.2s
#4 sha256:10ee8ef3b9fc071e2328d497ccfe791a71384581d555be43b0dc71901ddb1d11 11.53MB / 128.10MB 2.3s
#4 sha256:d4c7048d1cf1fb6137e2c8f7ae456b3950d5b1e9986feb08e68d4b0d7508481c 41.94MB / 47.31MB 2.5s
#4 sha256:60c3210ab1f66cb810209d98054f584dac71e7d7400353564836ee757ce4b56f 10.49MB / 49.92MB 2.5s
#4 sha256:10ee8ef3b9fc071e2328d497ccfe791a71384581d555be43b0dc71901ddb1d11 19.92MB / 128.10MB 2.5s
#4 sha256:d4c7048d1cf1fb6137e2c8f7ae456b3950d5b1e9986feb08e68d4b0d7508481c 45.09MB / 47.31MB 2.7s
#4 sha256:60c3210ab1f66cb810209d98054f584dac71e7d7400353564836ee757ce4b56f 13.63MB / 49.92MB 2.7s
#4 sha256:60c3210ab1f66cb810209d98054f584dac71e7d7400353564836ee757ce4b56f 18.87MB / 49.92MB 2.9s
#4 sha256:10ee8ef3b9fc071e2328d497ccfe791a71384581d555be43b0dc71901ddb1d11 30.41MB / 128.10MB 2.9s
#4 sha256:60c3210ab1f66cb810209d98054f584dac71e7d7400353564836ee757ce4b56f 24.12MB / 49.92MB 3.3s
#4 sha256:10ee8ef3b9fc071e2328d497ccfe791a71384581d555be43b0dc71901ddb1d11 40.89MB / 128.10MB 3.3s
#4 sha256:d4c7048d1cf1fb6137e2c8f7ae456b3950d5b1e9986feb08e68d4b0d7508481c 47.31MB / 47.31MB 3.3s done
#4 extracting sha256:d4c7048d1cf1fb6137e2c8f7ae456b3950d5b1e9986feb08e68d4b0d7508481c
#4 sha256:60c3210ab1f66cb810209d98054f584dac71e7d7400353564836ee757ce4b56f 28.31MB / 49.92MB 3.5s
#4 sha256:cd8097e7c26be9086d1cee34da0fc4d3830a03f866ecc6c90089bf8e21a99345 0B / 5.33kB 3.5s
#4 sha256:10ee8ef3b9fc071e2328d497ccfe791a71384581d555be43b0dc71901ddb1d11 48.23MB / 128.10MB 3.6s
#4 sha256:cd8097e7c26be9086d1cee34da0fc4d3830a03f866ecc6c90089bf8e21a99345 5.33kB / 5.33kB 3.6s
#4 sha256:60c3210ab1f66cb810209d98054f584dac71e7d7400353564836ee757ce4b56f 34.60MB / 49.92MB 3.8s
#4 sha256:cd8097e7c26be9086d1cee34da0fc4d3830a03f866ecc6c90089bf8e21a99345 5.33kB / 5.33kB 3.6s done
#4 sha256:0940ecf5daecbcace9f80639c1e40dc1b4390d0dc96b5440bed69d06ad424b52 0B / 122B 3.8s
#4 sha256:60c3210ab1f66cb810209d98054f584dac71e7d7400353564836ee757ce4b56f 37.75MB / 49.92MB 3.9s
#4 sha256:10ee8ef3b9fc071e2328d497ccfe791a71384581d555be43b0dc71901ddb1d11 62.91MB / 128.10MB 3.9s
#4 sha256:0940ecf5daecbcace9f80639c1e40dc1b4390d0dc96b5440bed69d06ad424b52 122B / 122B 4.0s
#4 sha256:60c3210ab1f66cb810209d98054f584dac71e7d7400353564836ee757ce4b56f 41.94MB / 49.92MB 4.1s
#4 sha256:0940ecf5daecbcace9f80639c1e40dc1b4390d0dc96b5440bed69d06ad424b52 122B / 122B 4.0s done
#4 sha256:10ee8ef3b9fc071e2328d497ccfe791a71384581d555be43b0dc71901ddb1d11 72.35MB / 128.10MB 4.2s
#4 sha256:60c3210ab1f66cb810209d98054f584dac71e7d7400353564836ee757ce4b56f 46.14MB / 49.92MB 4.3s
#4 sha256:60c3210ab1f66cb810209d98054f584dac71e7d7400353564836ee757ce4b56f 49.28MB / 49.92MB 4.4s
#4 sha256:10ee8ef3b9fc071e2328d497ccfe791a71384581d555be43b0dc71901ddb1d11 79.69MB / 128.10MB 4.7s
#4 sha256:60c3210ab1f66cb810209d98054f584dac71e7d7400353564836ee757ce4b56f 49.92MB / 49.92MB 4.9s done
#4 sha256:10ee8ef3b9fc071e2328d497ccfe791a71384581d555be43b0dc71901ddb1d11 88.08MB / 128.10MB 5.2s
#4 sha256:10ee8ef3b9fc071e2328d497ccfe791a71384581d555be43b0dc71901ddb1d11 98.57MB / 128.10MB 5.7s
#4 extracting sha256:d4c7048d1cf1fb6137e2c8f7ae456b3950d5b1e9986feb08e68d4b0d7508481c 2.1s done
#4 extracting sha256:6375ec02106fda1bca765991c2ae7e94feee38406b82fe4a75ba218117352f73
#4 sha256:10ee8ef3b9fc071e2328d497ccfe791a71384581d555be43b0dc71901ddb1d11 105.91MB / 128.10MB 6.0s
#4 extracting sha256:6375ec02106fda1bca765991c2ae7e94feee38406b82fe4a75ba218117352f73 done
#4 extracting sha256:771773a1fe7a287a99961aa418480b426afac3fd952ff665679460a025bfb081
#4 sha256:10ee8ef3b9fc071e2328d497ccfe791a71384581d555be43b0dc71901ddb1d11 118.49MB / 128.10MB 6.4s
#4 extracting sha256:771773a1fe7a287a99961aa418480b426afac3fd952ff665679460a025bfb081 0.1s done
#4 extracting sha256:c3b8cfb10b4105aba2598ceaf2ff12fa912a9b79019f490d6012cf5a26a72150
#4 sha256:10ee8ef3b9fc071e2328d497ccfe791a71384581d555be43b0dc71901ddb1d11 125.83MB / 128.10MB 6.6s
#4 extracting sha256:c3b8cfb10b4105aba2598ceaf2ff12fa912a9b79019f490d6012cf5a26a72150 0.4s done
#4 sha256:10ee8ef3b9fc071e2328d497ccfe791a71384581d555be43b0dc71901ddb1d11 128.10MB / 128.10MB 8.0s done
#4 extracting sha256:1378718ee973de3d06994e102aae9f8bc8502d19fc445a2fd10aad5072f3e41f done
#4 extracting sha256:5915b0e5580c575ffc903550eb7154ed40c8061183b4fd7c388b22777a00a763
#4 extracting sha256:5915b0e5580c575ffc903550eb7154ed40c8061183b4fd7c388b22777a00a763 done
#4 extracting sha256:60c3210ab1f66cb810209d98054f584dac71e7d7400353564836ee757ce4b56f
#4 extracting sha256:60c3210ab1f66cb810209d98054f584dac71e7d7400353564836ee757ce4b56f 1.9s done
#4 extracting sha256:440208b3f29f4ead9129c30126fa8d16b9dfed3f9b589c15f1c2d2e1106a0a94
#4 extracting sha256:440208b3f29f4ead9129c30126fa8d16b9dfed3f9b589c15f1c2d2e1106a0a94 done
#4 extracting sha256:10ee8ef3b9fc071e2328d497ccfe791a71384581d555be43b0dc71901ddb1d11
#4 extracting sha256:10ee8ef3b9fc071e2328d497ccfe791a71384581d555be43b0dc71901ddb1d11 5.2s
#4 extracting sha256:10ee8ef3b9fc071e2328d497ccfe791a71384581d555be43b0dc71901ddb1d11 10.3s
#4 extracting sha256:10ee8ef3b9fc071e2328d497ccfe791a71384581d555be43b0dc71901ddb1d11 10.7s done
#4 extracting sha256:cd8097e7c26be9086d1cee34da0fc4d3830a03f866ecc6c90089bf8e21a99345
#4 extracting sha256:cd8097e7c26be9086d1cee34da0fc4d3830a03f866ecc6c90089bf8e21a99345 done
#4 extracting sha256:0940ecf5daecbcace9f80639c1e40dc1b4390d0dc96b5440bed69d06ad424b52
#4 extracting sha256:0940ecf5daecbcace9f80639c1e40dc1b4390d0dc96b5440bed69d06ad424b52 done
#4 DONE 27.1s

#6 [2/2] COPY oscb_schema_latest.sql /docker-entrypoint-initdb.d/
#6 DONE 13.4s

#7 exporting to image
#7 exporting layers
#7 exporting layers 0.6s done
#7 writing image sha256:9525d6b6ce06e2963f5a66d3f0c37a280530fb39f2d75fb6c58f57652d034b82 0.0s done
#7 naming to docker.io/library/oscb-mysql:latest 0.1s done
#7 DONE 0.9s

 [33m2 warnings found (use docker --debug to expand):
[0m - LegacyKeyValueFormat: "ENV key=value" should be used instead of legacy "ENV key value" format (line 2)
 - SecretsUsedInArgOrEnv: Do not use ARG or ENV instructions for sensitive data (ENV "MYSQL_ROOT_PASSWORD") (line 2)
Building Node Backend (oscb-node:latest)...
#0 building with "default" instance using docker driver

#1 [internal] load build definition from Dockerfile
#1 transferring dockerfile:
#1 transferring dockerfile: 468B done
#1 DONE 0.4s

#2 [internal] load metadata for docker.io/library/node:18
#2 DONE 1.4s

#3 [internal] load .dockerignore
#3 transferring context:
#3 transferring context: 66B done
#3 DONE 0.4s

#4 [internal] load build context
#4 DONE 0.0s

#5 [ 1/10] FROM docker.io/library/node:18@sha256:c6ae79e38498325db67193d391e6ec1d224d96c693a8a4d943498556716d3783
#5 resolve docker.io/library/node:18@sha256:c6ae79e38498325db67193d391e6ec1d224d96c693a8a4d943498556716d3783
#5 resolve docker.io/library/node:18@sha256:c6ae79e38498325db67193d391e6ec1d224d96c693a8a4d943498556716d3783 0.7s done
#5 sha256:c6ae79e38498325db67193d391e6ec1d224d96c693a8a4d943498556716d3783 6.41kB / 6.41kB done
#5 sha256:eb29363371ee2859fad6a3c5af88d4abc6ff7d399addb13b7de3c1f11bdee6b9 2.49kB / 2.49kB done
#5 ...

#4 [internal] load build context
#4 transferring context: 204.76kB 0.0s done
#4 DONE 0.6s

#5 [ 1/10] FROM docker.io/library/node:18@sha256:c6ae79e38498325db67193d391e6ec1d224d96c693a8a4d943498556716d3783
#5 sha256:b50082bc3670d0396b2d90e4b0e5bb10265ba5d0ee16bf40f9a505f7045ee563 6.39kB / 6.39kB done
#5 sha256:3e6b9d1a95114e19f12262a4e8a59ad1d1a10ca7b82108adcf0605a200294964 0B / 48.49MB 0.3s
#5 sha256:79b2f47ad4443652b9b5cc81a95ede249fd976310efdbee159f29638783778c0 0B / 64.40MB 0.3s
#5 sha256:3e6b9d1a95114e19f12262a4e8a59ad1d1a10ca7b82108adcf0605a200294964 5.24MB / 48.49MB 0.6s
#5 sha256:79b2f47ad4443652b9b5cc81a95ede249fd976310efdbee159f29638783778c0 6.29MB / 64.40MB 0.6s
#5 sha256:37927ed901b1b2608b72796c6881bf645480268eca4ac9a37b9219e050bb4d84 0B / 24.02MB 0.6s
#5 sha256:79b2f47ad4443652b9b5cc81a95ede249fd976310efdbee159f29638783778c0 14.68MB / 64.40MB 0.8s
#5 sha256:37927ed901b1b2608b72796c6881bf645480268eca4ac9a37b9219e050bb4d84 8.39MB / 24.02MB 0.8s
#5 sha256:3e6b9d1a95114e19f12262a4e8a59ad1d1a10ca7b82108adcf0605a200294964 8.39MB / 48.49MB 0.9s
#5 sha256:79b2f47ad4443652b9b5cc81a95ede249fd976310efdbee159f29638783778c0 20.97MB / 64.40MB 0.9s
#5 sha256:37927ed901b1b2608b72796c6881bf645480268eca4ac9a37b9219e050bb4d84 13.63MB / 24.02MB 1.0s
#5 sha256:3e6b9d1a95114e19f12262a4e8a59ad1d1a10ca7b82108adcf0605a200294964 11.53MB / 48.49MB 1.1s
#5 sha256:79b2f47ad4443652b9b5cc81a95ede249fd976310efdbee159f29638783778c0 27.26MB / 64.40MB 1.1s
#5 sha256:37927ed901b1b2608b72796c6881bf645480268eca4ac9a37b9219e050bb4d84 16.78MB / 24.02MB 1.1s
#5 sha256:3e6b9d1a95114e19f12262a4e8a59ad1d1a10ca7b82108adcf0605a200294964 14.68MB / 48.49MB 1.3s
#5 sha256:79b2f47ad4443652b9b5cc81a95ede249fd976310efdbee159f29638783778c0 36.70MB / 64.40MB 1.3s
#5 sha256:37927ed901b1b2608b72796c6881bf645480268eca4ac9a37b9219e050bb4d84 24.02MB / 24.02MB 1.3s
#5 sha256:79b2f47ad4443652b9b5cc81a95ede249fd976310efdbee159f29638783778c0 41.94MB / 64.40MB 1.4s
#5 sha256:3e6b9d1a95114e19f12262a4e8a59ad1d1a10ca7b82108adcf0605a200294964 18.87MB / 48.49MB 1.5s
#5 sha256:79b2f47ad4443652b9b5cc81a95ede249fd976310efdbee159f29638783778c0 56.62MB / 64.40MB 1.7s
#5 sha256:37927ed901b1b2608b72796c6881bf645480268eca4ac9a37b9219e050bb4d84 24.02MB / 24.02MB 1.6s done
#5 sha256:3e6b9d1a95114e19f12262a4e8a59ad1d1a10ca7b82108adcf0605a200294964 25.17MB / 48.49MB 1.9s
#5 sha256:79b2f47ad4443652b9b5cc81a95ede249fd976310efdbee159f29638783778c0 64.40MB / 64.40MB 1.9s
#5 sha256:e23f099911d692f62b851cf49a1e93294288a115f5cd2d014180e4d3684d34ab 1.05MB / 211.36MB 1.9s
#5 sha256:3e6b9d1a95114e19f12262a4e8a59ad1d1a10ca7b82108adcf0605a200294964 29.36MB / 48.49MB 2.2s
#5 sha256:3e6b9d1a95114e19f12262a4e8a59ad1d1a10ca7b82108adcf0605a200294964 32.51MB / 48.49MB 2.4s
#5 sha256:3e6b9d1a95114e19f12262a4e8a59ad1d1a10ca7b82108adcf0605a200294964 35.65MB / 48.49MB 2.5s
#5 sha256:79b2f47ad4443652b9b5cc81a95ede249fd976310efdbee159f29638783778c0 64.40MB / 64.40MB 2.5s done
#5 sha256:3e6b9d1a95114e19f12262a4e8a59ad1d1a10ca7b82108adcf0605a200294964 39.85MB / 48.49MB 2.7s
#5 sha256:cda7f44f2bddcc4bb7514474024b3f3705de00ddb6355a33be5ac7808e5b7125 3.32kB / 3.32kB 2.7s
#5 sha256:3e6b9d1a95114e19f12262a4e8a59ad1d1a10ca7b82108adcf0605a200294964 42.99MB / 48.49MB 2.9s
#5 sha256:e23f099911d692f62b851cf49a1e93294288a115f5cd2d014180e4d3684d34ab 12.58MB / 211.36MB 2.9s
#5 sha256:cda7f44f2bddcc4bb7514474024b3f3705de00ddb6355a33be5ac7808e5b7125 3.32kB / 3.32kB 2.7s done
#5 sha256:c6b30c3f16966552af10ac00521f60355b1fcfd46ac1c20b1038587e28583ce7 0B / 45.68MB 2.9s
#5 sha256:3e6b9d1a95114e19f12262a4e8a59ad1d1a10ca7b82108adcf0605a200294964 48.49MB / 48.49MB 3.2s
#5 sha256:c6b30c3f16966552af10ac00521f60355b1fcfd46ac1c20b1038587e28583ce7 10.49MB / 45.68MB 3.2s
#5 sha256:c6b30c3f16966552af10ac00521f60355b1fcfd46ac1c20b1038587e28583ce7 15.73MB / 45.68MB 3.4s
#5 sha256:3e6b9d1a95114e19f12262a4e8a59ad1d1a10ca7b82108adcf0605a200294964 48.49MB / 48.49MB 3.6s done
#5 sha256:c6b30c3f16966552af10ac00521f60355b1fcfd46ac1c20b1038587e28583ce7 23.07MB / 45.68MB 3.7s
#5 sha256:c6b30c3f16966552af10ac00521f60355b1fcfd46ac1c20b1038587e28583ce7 31.46MB / 45.68MB 3.9s
#5 extracting sha256:3e6b9d1a95114e19f12262a4e8a59ad1d1a10ca7b82108adcf0605a200294964
#5 sha256:3697be50c98b9d071df4637e1d3491d00e7b9f3a732768c876d82309b3c5a145 0B / 1.25MB 3.9s
#5 sha256:e23f099911d692f62b851cf49a1e93294288a115f5cd2d014180e4d3684d34ab 29.36MB / 211.36MB 4.0s
#5 sha256:c6b30c3f16966552af10ac00521f60355b1fcfd46ac1c20b1038587e28583ce7 37.75MB / 45.68MB 4.1s
#5 sha256:3697be50c98b9d071df4637e1d3491d00e7b9f3a732768c876d82309b3c5a145 1.25MB / 1.25MB 4.0s done
#5 sha256:c6b30c3f16966552af10ac00521f60355b1fcfd46ac1c20b1038587e28583ce7 41.94MB / 45.68MB 4.2s
#5 sha256:461077a72fb7fe40d34a37d6a1958c4d16772d0dd77f572ec50a1fdc41a3754d 0B / 446B 4.2s
#5 sha256:e23f099911d692f62b851cf49a1e93294288a115f5cd2d014180e4d3684d34ab 41.94MB / 211.36MB 4.3s
#5 sha256:c6b30c3f16966552af10ac00521f60355b1fcfd46ac1c20b1038587e28583ce7 45.68MB / 45.68MB 4.3s
#5 sha256:461077a72fb7fe40d34a37d6a1958c4d16772d0dd77f572ec50a1fdc41a3754d 446B / 446B 4.3s
#5 sha256:e23f099911d692f62b851cf49a1e93294288a115f5cd2d014180e4d3684d34ab 59.77MB / 211.36MB 4.7s
#5 sha256:e23f099911d692f62b851cf49a1e93294288a115f5cd2d014180e4d3684d34ab 71.30MB / 211.36MB 5.0s
#5 sha256:c6b30c3f16966552af10ac00521f60355b1fcfd46ac1c20b1038587e28583ce7 45.68MB / 45.68MB 4.8s done
#5 sha256:461077a72fb7fe40d34a37d6a1958c4d16772d0dd77f572ec50a1fdc41a3754d 446B / 446B 4.8s done
#5 sha256:e23f099911d692f62b851cf49a1e93294288a115f5cd2d014180e4d3684d34ab 88.08MB / 211.36MB 5.3s
#5 sha256:e23f099911d692f62b851cf49a1e93294288a115f5cd2d014180e4d3684d34ab 103.81MB / 211.36MB 5.5s
#5 sha256:e23f099911d692f62b851cf49a1e93294288a115f5cd2d014180e4d3684d34ab 119.54MB / 211.36MB 6.0s
#5 extracting sha256:3e6b9d1a95114e19f12262a4e8a59ad1d1a10ca7b82108adcf0605a200294964 2.6s done
#5 sha256:e23f099911d692f62b851cf49a1e93294288a115f5cd2d014180e4d3684d34ab 133.17MB / 211.36MB 6.5s
#5 extracting sha256:37927ed901b1b2608b72796c6881bf645480268eca4ac9a37b9219e050bb4d84 0.1s
#5 sha256:e23f099911d692f62b851cf49a1e93294288a115f5cd2d014180e4d3684d34ab 144.70MB / 211.36MB 7.0s
#5 sha256:e23f099911d692f62b851cf49a1e93294288a115f5cd2d014180e4d3684d34ab 158.33MB / 211.36MB 7.5s
#5 extracting sha256:37927ed901b1b2608b72796c6881bf645480268eca4ac9a37b9219e050bb4d84 0.8s done
#5 sha256:e23f099911d692f62b851cf49a1e93294288a115f5cd2d014180e4d3684d34ab 175.11MB / 211.36MB 7.9s
#5 extracting sha256:79b2f47ad4443652b9b5cc81a95ede249fd976310efdbee159f29638783778c0
#5 sha256:e23f099911d692f62b851cf49a1e93294288a115f5cd2d014180e4d3684d34ab 189.79MB / 211.36MB 8.2s
#5 sha256:e23f099911d692f62b851cf49a1e93294288a115f5cd2d014180e4d3684d34ab 201.33MB / 211.36MB 8.4s
#5 sha256:e23f099911d692f62b851cf49a1e93294288a115f5cd2d014180e4d3684d34ab 211.36MB / 211.36MB 10.6s done
#5 extracting sha256:79b2f47ad4443652b9b5cc81a95ede249fd976310efdbee159f29638783778c0 3.6s done
#5 extracting sha256:e23f099911d692f62b851cf49a1e93294288a115f5cd2d014180e4d3684d34ab
#5 extracting sha256:e23f099911d692f62b851cf49a1e93294288a115f5cd2d014180e4d3684d34ab 5.1s
#5 extracting sha256:e23f099911d692f62b851cf49a1e93294288a115f5cd2d014180e4d3684d34ab 10.1s done
#5 extracting sha256:cda7f44f2bddcc4bb7514474024b3f3705de00ddb6355a33be5ac7808e5b7125
#5 extracting sha256:cda7f44f2bddcc4bb7514474024b3f3705de00ddb6355a33be5ac7808e5b7125 done
#5 extracting sha256:c6b30c3f16966552af10ac00521f60355b1fcfd46ac1c20b1038587e28583ce7
#5 extracting sha256:c6b30c3f16966552af10ac00521f60355b1fcfd46ac1c20b1038587e28583ce7 3.1s done
#5 extracting sha256:3697be50c98b9d071df4637e1d3491d00e7b9f3a732768c876d82309b3c5a145
#5 extracting sha256:3697be50c98b9d071df4637e1d3491d00e7b9f3a732768c876d82309b3c5a145 0.1s done
#5 extracting sha256:461077a72fb7fe40d34a37d6a1958c4d16772d0dd77f572ec50a1fdc41a3754d
#5 extracting sha256:461077a72fb7fe40d34a37d6a1958c4d16772d0dd77f572ec50a1fdc41a3754d done
#5 DONE 30.7s

#6 [ 2/10] WORKDIR /usr/src/app
#6 DONE 19.2s

#7 [ 3/10] COPY package*.json ./
#7 DONE 0.9s

#8 [ 4/10] RUN npm install
#8 16.12 npm warn EBADENGINE Unsupported engine {
#8 16.12 npm warn EBADENGINE   package: 'file-type@21.3.4',
#8 16.12 npm warn EBADENGINE   required: { node: '>=20' },
#8 16.12 npm warn EBADENGINE   current: { node: 'v18.20.8', npm: '10.8.2' }
#8 16.12 npm warn EBADENGINE }
#8 16.12 npm warn EBADENGINE Unsupported engine {
#8 16.12 npm warn EBADENGINE   package: 'pdfjs-dist@5.5.207',
#8 16.12 npm warn EBADENGINE   required: { node: '>=20.19.0 || >=22.13.0 || >=24' },
#8 16.12 npm warn EBADENGINE   current: { node: 'v18.20.8', npm: '10.8.2' }
#8 16.12 npm warn EBADENGINE }
#8 18.96 npm warn deprecated are-we-there-yet@2.0.0: This package is no longer supported.
#8 19.20 npm warn deprecated gauge@3.0.2: This package is no longer supported.
#8 19.51 npm warn deprecated inflight@1.0.6: This module is not supported, and leaks memory. Do not use it. Check out lru-cache if you want a good and tested way to coalesce async requests by a key value, which is much more comprehensive and powerful.
#8 19.53 npm warn deprecated node-domexception@1.0.0: Use your platform's native DOMException instead
#8 19.92 npm warn deprecated npmlog@5.0.1: This package is no longer supported.
#8 19.96 npm warn deprecated rimraf@3.0.2: Rimraf versions prior to v4 are no longer supported
#8 19.98 npm warn deprecated glob@7.2.3: Old versions of glob are not supported, and contain widely publicized security vulnerabilities, which have been fixed in the current version. Please update. Support for old versions may be purchased (at exorbitant rates) by contacting i@izs.me
#8 20.92 npm warn deprecated tar@6.2.1: Old versions of tar are not supported, and contain widely publicized security vulnerabilities, which have been fixed in the current version. Please update. Support for old versions may be purchased (at exorbitant rates) by contacting i@izs.me
#8 21.17 npm warn deprecated crypto@1.0.1: This package is no longer supported. It's now a built-in Node module. If you've depended on crypto, you should switch to the one that's built-in.
#8 21.21 npm warn deprecated multer@1.4.5-lts.2: Multer 1.x is impacted by a number of vulnerabilities, which have been patched in 2.x. You should upgrade to the latest 2.x version.
#8 21.54 npm warn deprecated uuid@3.4.0: Please upgrade  to version 7 or higher.  Older versions may use Math.random() in certain circumstances, which is known to be problematic.  See https://v8.dev/blog/math-random for details.
#8 30.41 
#8 30.41 added 584 packages, and audited 585 packages in 29s
#8 30.41 
#8 30.41 73 packages are looking for funding
#8 30.41   run `npm fund` for details
#8 30.58 
#8 30.58 47 vulnerabilities (10 low, 1 moderate, 35 high, 1 critical)
#8 30.58 
#8 30.58 To address issues that do not require attention, run:
#8 30.58   npm audit fix
#8 30.58 
#8 30.58 To address all issues (including breaking changes), run:
#8 30.58   npm audit fix --force
#8 30.58 
#8 30.58 Run `npm audit` for details.
#8 30.58 npm notice
#8 30.58 npm notice New major version of npm available! 10.8.2 -> 11.12.0
#8 30.58 npm notice Changelog: https://github.com/npm/cli/releases/tag/v11.12.0
#8 30.58 npm notice To update run: npm install -g npm@11.12.0
#8 30.58 npm notice
#8 DONE 35.9s

#9 [ 5/10] COPY . .
#9 DONE 0.7s

#10 [ 6/10] RUN mv -f /usr/src/app/configs/storageConfig_linux.json /usr/src/app/configs/storageConfig.json
#10 DONE 1.4s

#11 [ 7/10] RUN mv -f /usr/src/app/configs/dbconfigs_linux.json /usr/src/app/configs/dbconfigs.json
#11 DONE 1.5s

#12 [ 8/10] RUN mkdir uploads
#12 DONE 1.5s

#13 [ 9/10] RUN chmod +x deploy.sh
#13 DONE 1.6s

#14 [10/10] RUN chmod +x deploy_companion.sh
#14 DONE 1.6s

#15 exporting to image
#15 exporting layers
#15 exporting layers 7.6s done
#15 writing image sha256:d86cef4d0483c9a1ca8eeebb3a22bd26e1220300d25e556158d1d562db097e37 0.0s done
#15 naming to docker.io/library/oscb-node:latest 0.1s done
#15 DONE 7.9s
Building React Frontend (oscb-react:latest)...
#0 building with "default" instance using docker driver

#1 [internal] load build definition from Dockerfile
#1 transferring dockerfile:
#1 transferring dockerfile: 647B done
#1 DONE 0.5s

#2 [internal] load metadata for docker.io/stormgod/oscb-react:0.1.1
#2 DONE 1.3s

#3 [internal] load .dockerignore
#3 transferring context:
#3 transferring context: 2B done
#3 DONE 0.4s

#4 [1/4] FROM docker.io/stormgod/oscb-react:0.1.1@sha256:11c2a3e550813523f2017a6c8838af338df05e7b6c098b6004deb97f12e1bf21
#4 resolve docker.io/stormgod/oscb-react:0.1.1@sha256:11c2a3e550813523f2017a6c8838af338df05e7b6c098b6004deb97f12e1bf21
#4 resolve docker.io/stormgod/oscb-react:0.1.1@sha256:11c2a3e550813523f2017a6c8838af338df05e7b6c098b6004deb97f12e1bf21 0.8s done
#4 ...

#5 [internal] load build context
#5 transferring context: 15.81MB 0.3s done
#5 DONE 0.9s

#4 [1/4] FROM docker.io/stormgod/oscb-react:0.1.1@sha256:11c2a3e550813523f2017a6c8838af338df05e7b6c098b6004deb97f12e1bf21
#4 sha256:11c2a3e550813523f2017a6c8838af338df05e7b6c098b6004deb97f12e1bf21 3.90kB / 3.90kB done
#4 sha256:883bf863cc35b893ff76376990bbde729ffafc341e3fed11d547b97a9c0d8c81 12.03kB / 12.03kB done
#4 sha256:a858b7813255a9cb57d05f02b50978e5b5965b0cfc040288fa29905cdc65ad9a 0B / 64.40MB 0.2s
#4 sha256:a858b7813255a9cb57d05f02b50978e5b5965b0cfc040288fa29905cdc65ad9a 17.83MB / 64.40MB 0.5s
#4 sha256:32a5bf163bd75109aaa8d446f1570117432475cbb2df3fb6f89dd243bcedd1f3 0B / 48.48MB 0.4s
#4 sha256:16afb0fdc4694732853f4fbf5125c1dcb35f20cca5bec77a98d73d0d3124f855 0B / 24.03MB 0.4s
#4 sha256:a858b7813255a9cb57d05f02b50978e5b5965b0cfc040288fa29905cdc65ad9a 28.31MB / 64.40MB 0.7s
#4 sha256:32a5bf163bd75109aaa8d446f1570117432475cbb2df3fb6f89dd243bcedd1f3 9.44MB / 48.48MB 0.7s
#4 sha256:a858b7813255a9cb57d05f02b50978e5b5965b0cfc040288fa29905cdc65ad9a 37.75MB / 64.40MB 0.9s
#4 sha256:32a5bf163bd75109aaa8d446f1570117432475cbb2df3fb6f89dd243bcedd1f3 18.87MB / 48.48MB 0.9s
#4 sha256:16afb0fdc4694732853f4fbf5125c1dcb35f20cca5bec77a98d73d0d3124f855 6.29MB / 24.03MB 0.9s
#4 sha256:32a5bf163bd75109aaa8d446f1570117432475cbb2df3fb6f89dd243bcedd1f3 22.02MB / 48.48MB 1.0s
#4 sha256:a858b7813255a9cb57d05f02b50978e5b5965b0cfc040288fa29905cdc65ad9a 45.09MB / 64.40MB 1.1s
#4 sha256:16afb0fdc4694732853f4fbf5125c1dcb35f20cca5bec77a98d73d0d3124f855 12.58MB / 24.03MB 1.1s
#4 sha256:a858b7813255a9cb57d05f02b50978e5b5965b0cfc040288fa29905cdc65ad9a 54.53MB / 64.40MB 1.3s
#4 sha256:32a5bf163bd75109aaa8d446f1570117432475cbb2df3fb6f89dd243bcedd1f3 30.41MB / 48.48MB 1.3s
#4 sha256:16afb0fdc4694732853f4fbf5125c1dcb35f20cca5bec77a98d73d0d3124f855 24.03MB / 24.03MB 1.3s
#4 sha256:a858b7813255a9cb57d05f02b50978e5b5965b0cfc040288fa29905cdc65ad9a 60.82MB / 64.40MB 1.4s
#4 sha256:32a5bf163bd75109aaa8d446f1570117432475cbb2df3fb6f89dd243bcedd1f3 33.55MB / 48.48MB 1.4s
#4 sha256:a858b7813255a9cb57d05f02b50978e5b5965b0cfc040288fa29905cdc65ad9a 64.40MB / 64.40MB 1.5s
#4 sha256:32a5bf163bd75109aaa8d446f1570117432475cbb2df3fb6f89dd243bcedd1f3 38.80MB / 48.48MB 1.5s
#4 sha256:32a5bf163bd75109aaa8d446f1570117432475cbb2df3fb6f89dd243bcedd1f3 45.09MB / 48.48MB 1.8s
#4 sha256:32a5bf163bd75109aaa8d446f1570117432475cbb2df3fb6f89dd243bcedd1f3 48.48MB / 48.48MB 2.0s
#4 sha256:a858b7813255a9cb57d05f02b50978e5b5965b0cfc040288fa29905cdc65ad9a 64.40MB / 64.40MB 2.8s done
#4 sha256:32a5bf163bd75109aaa8d446f1570117432475cbb2df3fb6f89dd243bcedd1f3 48.48MB / 48.48MB 2.9s done
#4 sha256:16afb0fdc4694732853f4fbf5125c1dcb35f20cca5bec77a98d73d0d3124f855 24.03MB / 24.03MB 2.7s done
#4 extracting sha256:32a5bf163bd75109aaa8d446f1570117432475cbb2df3fb6f89dd243bcedd1f3
#4 sha256:2b60c24963b6e0c0951ab2711c5d9c658cbaa0cb9697c6657fd48aaa550b984b 0B / 58.32MB 3.1s
#4 sha256:2b60c24963b6e0c0951ab2711c5d9c658cbaa0cb9697c6657fd48aaa550b984b 4.19MB / 58.32MB 3.2s
#4 sha256:318d61060ae74f5254974208e92a54f807b028710293f41900249bc6033acf41 0B / 211.47MB 3.2s
#4 sha256:2b60c24963b6e0c0951ab2711c5d9c658cbaa0cb9697c6657fd48aaa550b984b 10.49MB / 58.32MB 3.3s
#4 sha256:05673835cbc2c3741e29272b8be8f1f2487662f1282b5208c7e613b861e22529 0B / 3.32kB 3.3s
#4 sha256:2b60c24963b6e0c0951ab2711c5d9c658cbaa0cb9697c6657fd48aaa550b984b 15.73MB / 58.32MB 3.4s
#4 sha256:318d61060ae74f5254974208e92a54f807b028710293f41900249bc6033acf41 13.63MB / 211.47MB 3.5s
#4 sha256:05673835cbc2c3741e29272b8be8f1f2487662f1282b5208c7e613b861e22529 3.32kB / 3.32kB 3.4s done
#4 sha256:2b60c24963b6e0c0951ab2711c5d9c658cbaa0cb9697c6657fd48aaa550b984b 28.31MB / 58.32MB 3.6s
#4 sha256:cf3f638a8d5cb7ce0f089dbe516da0bbe22a9c57e8f8d76f3e5fea20e76ce191 0B / 1.25MB 3.6s
#4 sha256:2b60c24963b6e0c0951ab2711c5d9c658cbaa0cb9697c6657fd48aaa550b984b 32.51MB / 58.32MB 3.7s
#4 sha256:318d61060ae74f5254974208e92a54f807b028710293f41900249bc6033acf41 25.17MB / 211.47MB 3.7s
#4 sha256:2b60c24963b6e0c0951ab2711c5d9c658cbaa0cb9697c6657fd48aaa550b984b 35.65MB / 58.32MB 3.8s
#4 sha256:2b60c24963b6e0c0951ab2711c5d9c658cbaa0cb9697c6657fd48aaa550b984b 49.54MB / 58.32MB 4.0s
#4 sha256:318d61060ae74f5254974208e92a54f807b028710293f41900249bc6033acf41 38.80MB / 211.47MB 4.0s
#4 sha256:cf3f638a8d5cb7ce0f089dbe516da0bbe22a9c57e8f8d76f3e5fea20e76ce191 1.25MB / 1.25MB 3.9s done
#4 sha256:c96bd9f8fbf1de070c2acec75db28dd63eca47ffa680fed45c364f6f41577f20 0B / 449B 4.0s
#4 sha256:2b60c24963b6e0c0951ab2711c5d9c658cbaa0cb9697c6657fd48aaa550b984b 56.62MB / 58.32MB 4.1s
#4 sha256:c96bd9f8fbf1de070c2acec75db28dd63eca47ffa680fed45c364f6f41577f20 449B / 449B 4.3s
#4 sha256:318d61060ae74f5254974208e92a54f807b028710293f41900249bc6033acf41 51.38MB / 211.47MB 4.4s
#4 sha256:318d61060ae74f5254974208e92a54f807b028710293f41900249bc6033acf41 62.91MB / 211.47MB 4.6s
#4 sha256:318d61060ae74f5254974208e92a54f807b028710293f41900249bc6033acf41 78.83MB / 211.47MB 4.8s
#4 sha256:c96bd9f8fbf1de070c2acec75db28dd63eca47ffa680fed45c364f6f41577f20 449B / 449B 4.7s done
#4 sha256:2b60c24963b6e0c0951ab2711c5d9c658cbaa0cb9697c6657fd48aaa550b984b 58.32MB / 58.32MB 4.8s done
#4 sha256:318d61060ae74f5254974208e92a54f807b028710293f41900249bc6033acf41 95.42MB / 211.47MB 5.0s
#4 sha256:7bc3de09c7cbfc9b5803113c4597eb010b44b9c837b1d17f8f6f4a65c7ef86e1 0B / 1.24kB 5.0s
#4 sha256:7bc3de09c7cbfc9b5803113c4597eb010b44b9c837b1d17f8f6f4a65c7ef86e1 1.24kB / 1.24kB 5.1s
#4 sha256:318d61060ae74f5254974208e92a54f807b028710293f41900249bc6033acf41 113.37MB / 211.47MB 5.2s
#4 sha256:7bc3de09c7cbfc9b5803113c4597eb010b44b9c837b1d17f8f6f4a65c7ef86e1 1.24kB / 1.24kB 5.1s done
#4 sha256:cc69b229e50237f6c690d064bde2731a0e556d6386432487b9e6566b20f9c062 127B / 127B 5.3s
#4 sha256:318d61060ae74f5254974208e92a54f807b028710293f41900249bc6033acf41 131.07MB / 211.47MB 5.4s
#4 sha256:cc69b229e50237f6c690d064bde2731a0e556d6386432487b9e6566b20f9c062 127B / 127B 5.3s done
#4 sha256:58e6d4acbc5f4dbc439bbdf9eb89640dd27ae47a901b937ad36e7919534778ba 0B / 1.12GB 5.4s
#4 sha256:bf3c0a6fbfca537768f36ec4a9983cb5b14d7d860435b9d522618ffeecd02caa 0B / 12.86MB 5.6s
#4 sha256:318d61060ae74f5254974208e92a54f807b028710293f41900249bc6033acf41 144.70MB / 211.47MB 5.7s
#4 sha256:bf3c0a6fbfca537768f36ec4a9983cb5b14d7d860435b9d522618ffeecd02caa 3.15MB / 12.86MB 5.7s
#4 extracting sha256:32a5bf163bd75109aaa8d446f1570117432475cbb2df3fb6f89dd243bcedd1f3 2.8s done
#4 sha256:bf3c0a6fbfca537768f36ec4a9983cb5b14d7d860435b9d522618ffeecd02caa 7.34MB / 12.86MB 5.8s
#4 sha256:318d61060ae74f5254974208e92a54f807b028710293f41900249bc6033acf41 157.29MB / 211.47MB 6.0s
#4 sha256:bf3c0a6fbfca537768f36ec4a9983cb5b14d7d860435b9d522618ffeecd02caa 12.86MB / 12.86MB 6.0s
#4 sha256:318d61060ae74f5254974208e92a54f807b028710293f41900249bc6033acf41 169.87MB / 211.47MB 6.2s
#4 sha256:bf3c0a6fbfca537768f36ec4a9983cb5b14d7d860435b9d522618ffeecd02caa 12.86MB / 12.86MB 6.1s done
#4 sha256:9b11cfa61a020208777da1afd57c434c66381b568b633b67c5a1e819291c2bbf 0B / 301.54MB 6.4s
#4 extracting sha256:16afb0fdc4694732853f4fbf5125c1dcb35f20cca5bec77a98d73d0d3124f855 0.1s
#4 sha256:318d61060ae74f5254974208e92a54f807b028710293f41900249bc6033acf41 181.40MB / 211.47MB 6.7s
#4 sha256:58e6d4acbc5f4dbc439bbdf9eb89640dd27ae47a901b937ad36e7919534778ba 57.67MB / 1.12GB 6.8s
#4 sha256:9b11cfa61a020208777da1afd57c434c66381b568b633b67c5a1e819291c2bbf 16.78MB / 301.54MB 6.9s
#4 sha256:318d61060ae74f5254974208e92a54f807b028710293f41900249bc6033acf41 195.04MB / 211.47MB 7.0s
#4 sha256:9b11cfa61a020208777da1afd57c434c66381b568b633b67c5a1e819291c2bbf 34.60MB / 301.54MB 7.3s
#4 extracting sha256:16afb0fdc4694732853f4fbf5125c1dcb35f20cca5bec77a98d73d0d3124f855 0.8s done
#4 sha256:318d61060ae74f5254974208e92a54f807b028710293f41900249bc6033acf41 210.76MB / 211.47MB 7.6s
#4 sha256:9b11cfa61a020208777da1afd57c434c66381b568b633b67c5a1e819291c2bbf 55.57MB / 301.54MB 7.8s
#4 sha256:9b11cfa61a020208777da1afd57c434c66381b568b633b67c5a1e819291c2bbf 74.45MB / 301.54MB 8.2s
#4 sha256:58e6d4acbc5f4dbc439bbdf9eb89640dd27ae47a901b937ad36e7919534778ba 114.29MB / 1.12GB 8.3s
#4 sha256:9b11cfa61a020208777da1afd57c434c66381b568b633b67c5a1e819291c2bbf 93.32MB / 301.54MB 8.6s
#4 sha256:9b11cfa61a020208777da1afd57c434c66381b568b633b67c5a1e819291c2bbf 114.29MB / 301.54MB 9.1s
#4 sha256:9b11cfa61a020208777da1afd57c434c66381b568b633b67c5a1e819291c2bbf 134.22MB / 301.54MB 9.4s
#4 sha256:9b11cfa61a020208777da1afd57c434c66381b568b633b67c5a1e819291c2bbf 149.95MB / 301.54MB 9.6s
#4 sha256:318d61060ae74f5254974208e92a54f807b028710293f41900249bc6033acf41 211.47MB / 211.47MB 9.8s done
#4 extracting sha256:a858b7813255a9cb57d05f02b50978e5b5965b0cfc040288fa29905cdc65ad9a 0.1s
#4 sha256:9b11cfa61a020208777da1afd57c434c66381b568b633b67c5a1e819291c2bbf 165.68MB / 301.54MB 9.9s
#4 sha256:4f4fb700ef54461cfa02571ae0db9a0dc1e0cdb5577484a6d75e68dc38e8acc1 0B / 32B 9.9s
#4 sha256:4f4fb700ef54461cfa02571ae0db9a0dc1e0cdb5577484a6d75e68dc38e8acc1 32B / 32B 10.0s done
#4 sha256:9b11cfa61a020208777da1afd57c434c66381b568b633b67c5a1e819291c2bbf 189.79MB / 301.54MB 10.2s
#4 sha256:1d135ad1e860b05678ce72d3eb1f8273beb871e1db45b11b494f0b655437216b 0B / 41.40MB 10.2s
#4 sha256:1d135ad1e860b05678ce72d3eb1f8273beb871e1db45b11b494f0b655437216b 3.15MB / 41.40MB 10.4s
#4 sha256:9b11cfa61a020208777da1afd57c434c66381b568b633b67c5a1e819291c2bbf 207.62MB / 301.54MB 10.5s
#4 sha256:1d135ad1e860b05678ce72d3eb1f8273beb871e1db45b11b494f0b655437216b 6.29MB / 41.40MB 10.5s
#4 sha256:1d135ad1e860b05678ce72d3eb1f8273beb871e1db45b11b494f0b655437216b 9.44MB / 41.40MB 10.6s
#4 sha256:58e6d4acbc5f4dbc439bbdf9eb89640dd27ae47a901b937ad36e7919534778ba 174.06MB / 1.12GB 10.8s
#4 sha256:1d135ad1e860b05678ce72d3eb1f8273beb871e1db45b11b494f0b655437216b 13.63MB / 41.40MB 10.8s
#4 sha256:9b11cfa61a020208777da1afd57c434c66381b568b633b67c5a1e819291c2bbf 233.04MB / 301.54MB 11.0s
#4 sha256:1d135ad1e860b05678ce72d3eb1f8273beb871e1db45b11b494f0b655437216b 23.07MB / 41.40MB 11.0s
#4 sha256:1d135ad1e860b05678ce72d3eb1f8273beb871e1db45b11b494f0b655437216b 26.21MB / 41.40MB 11.1s
#4 sha256:1d135ad1e860b05678ce72d3eb1f8273beb871e1db45b11b494f0b655437216b 34.60MB / 41.40MB 11.3s
#4 sha256:1d135ad1e860b05678ce72d3eb1f8273beb871e1db45b11b494f0b655437216b 37.75MB / 41.40MB 11.4s
#4 sha256:1d135ad1e860b05678ce72d3eb1f8273beb871e1db45b11b494f0b655437216b 40.89MB / 41.40MB 11.5s
#4 sha256:9b11cfa61a020208777da1afd57c434c66381b568b633b67c5a1e819291c2bbf 252.71MB / 301.54MB 11.6s
#4 sha256:9b11cfa61a020208777da1afd57c434c66381b568b633b67c5a1e819291c2bbf 273.68MB / 301.54MB 12.0s
#4 sha256:58e6d4acbc5f4dbc439bbdf9eb89640dd27ae47a901b937ad36e7919534778ba 231.74MB / 1.12GB 12.1s
#4 sha256:1d135ad1e860b05678ce72d3eb1f8273beb871e1db45b11b494f0b655437216b 41.40MB / 41.40MB 12.0s done
#4 sha256:9b11cfa61a020208777da1afd57c434c66381b568b633b67c5a1e819291c2bbf 289.41MB / 301.54MB 12.3s
#4 sha256:5be1b8f5407fcd48c8a8f664fe9b1d1741b9c816af3ae302294eb9bcefdfe405 0B / 13.18MB 12.3s
#4 sha256:5be1b8f5407fcd48c8a8f664fe9b1d1741b9c816af3ae302294eb9bcefdfe405 2.10MB / 13.18MB 12.5s
#4 sha256:5be1b8f5407fcd48c8a8f664fe9b1d1741b9c816af3ae302294eb9bcefdfe405 6.29MB / 13.18MB 12.7s
#4 sha256:5be1b8f5407fcd48c8a8f664fe9b1d1741b9c816af3ae302294eb9bcefdfe405 9.44MB / 13.18MB 12.8s
#4 sha256:58e6d4acbc5f4dbc439bbdf9eb89640dd27ae47a901b937ad36e7919534778ba 288.36MB / 1.12GB 13.0s
#4 sha256:5be1b8f5407fcd48c8a8f664fe9b1d1741b9c816af3ae302294eb9bcefdfe405 13.18MB / 13.18MB 13.0s
#4 extracting sha256:a858b7813255a9cb57d05f02b50978e5b5965b0cfc040288fa29905cdc65ad9a 3.5s done
#4 sha256:58e6d4acbc5f4dbc439bbdf9eb89640dd27ae47a901b937ad36e7919534778ba 347.08MB / 1.12GB 14.2s
#4 sha256:58e6d4acbc5f4dbc439bbdf9eb89640dd27ae47a901b937ad36e7919534778ba 417.33MB / 1.12GB 15.2s
#4 sha256:5be1b8f5407fcd48c8a8f664fe9b1d1741b9c816af3ae302294eb9bcefdfe405 13.18MB / 13.18MB 15.7s done
#4 sha256:9b11cfa61a020208777da1afd57c434c66381b568b633b67c5a1e819291c2bbf 301.54MB / 301.54MB 15.8s done
#4 sha256:ac31a996ae673f860d3a20e08189528d835cd8078bc9514239b7a257a18b9e81 0B / 272.04MB 16.1s
#4 extracting sha256:318d61060ae74f5254974208e92a54f807b028710293f41900249bc6033acf41
#4 sha256:58e6d4acbc5f4dbc439bbdf9eb89640dd27ae47a901b937ad36e7919534778ba 479.20MB / 1.12GB 16.9s
#4 sha256:ac31a996ae673f860d3a20e08189528d835cd8078bc9514239b7a257a18b9e81 16.78MB / 272.04MB 17.4s
#4 sha256:58e6d4acbc5f4dbc439bbdf9eb89640dd27ae47a901b937ad36e7919534778ba 540.39MB / 1.12GB 17.7s
#4 sha256:ac31a996ae673f860d3a20e08189528d835cd8078bc9514239b7a257a18b9e81 30.41MB / 272.04MB 17.9s
#4 sha256:ac31a996ae673f860d3a20e08189528d835cd8078bc9514239b7a257a18b9e81 44.04MB / 272.04MB 18.4s
#4 sha256:58e6d4acbc5f4dbc439bbdf9eb89640dd27ae47a901b937ad36e7919534778ba 599.79MB / 1.12GB 18.6s
#4 sha256:ac31a996ae673f860d3a20e08189528d835cd8078bc9514239b7a257a18b9e81 57.67MB / 272.04MB 19.0s
#4 sha256:ac31a996ae673f860d3a20e08189528d835cd8078bc9514239b7a257a18b9e81 71.30MB / 272.04MB 19.4s
#4 sha256:58e6d4acbc5f4dbc439bbdf9eb89640dd27ae47a901b937ad36e7919534778ba 663.75MB / 1.12GB 19.7s
#4 sha256:ac31a996ae673f860d3a20e08189528d835cd8078bc9514239b7a257a18b9e81 88.08MB / 272.04MB 20.1s
#4 sha256:ac31a996ae673f860d3a20e08189528d835cd8078bc9514239b7a257a18b9e81 103.81MB / 272.04MB 20.4s
#4 sha256:58e6d4acbc5f4dbc439bbdf9eb89640dd27ae47a901b937ad36e7919534778ba 721.42MB / 1.12GB 21.1s
#4 sha256:ac31a996ae673f860d3a20e08189528d835cd8078bc9514239b7a257a18b9e81 118.49MB / 272.04MB 21.1s
#4 extracting sha256:318d61060ae74f5254974208e92a54f807b028710293f41900249bc6033acf41 5.1s
#4 sha256:ac31a996ae673f860d3a20e08189528d835cd8078bc9514239b7a257a18b9e81 133.17MB / 272.04MB 21.6s
#4 sha256:ac31a996ae673f860d3a20e08189528d835cd8078bc9514239b7a257a18b9e81 155.19MB / 272.04MB 22.1s
#4 sha256:58e6d4acbc5f4dbc439bbdf9eb89640dd27ae47a901b937ad36e7919534778ba 780.14MB / 1.12GB 22.2s
#4 sha256:ac31a996ae673f860d3a20e08189528d835cd8078bc9514239b7a257a18b9e81 170.92MB / 272.04MB 22.5s
#4 sha256:58e6d4acbc5f4dbc439bbdf9eb89640dd27ae47a901b937ad36e7919534778ba 838.86MB / 1.12GB 23.3s
#4 sha256:ac31a996ae673f860d3a20e08189528d835cd8078bc9514239b7a257a18b9e81 188.74MB / 272.04MB 23.6s
#4 sha256:58e6d4acbc5f4dbc439bbdf9eb89640dd27ae47a901b937ad36e7919534778ba 897.58MB / 1.12GB 24.4s
#4 sha256:ac31a996ae673f860d3a20e08189528d835cd8078bc9514239b7a257a18b9e81 202.38MB / 272.04MB 24.4s
#4 sha256:ac31a996ae673f860d3a20e08189528d835cd8078bc9514239b7a257a18b9e81 217.06MB / 272.04MB 24.9s
#4 sha256:58e6d4acbc5f4dbc439bbdf9eb89640dd27ae47a901b937ad36e7919534778ba 954.20MB / 1.12GB 25.3s
#4 sha256:ac31a996ae673f860d3a20e08189528d835cd8078bc9514239b7a257a18b9e81 230.69MB / 272.04MB 25.3s
#4 extracting sha256:318d61060ae74f5254974208e92a54f807b028710293f41900249bc6033acf41 9.1s done
#4 extracting sha256:05673835cbc2c3741e29272b8be8f1f2487662f1282b5208c7e613b861e22529
#4 sha256:ac31a996ae673f860d3a20e08189528d835cd8078bc9514239b7a257a18b9e81 248.51MB / 272.04MB 25.9s
#4 extracting sha256:05673835cbc2c3741e29272b8be8f1f2487662f1282b5208c7e613b861e22529 done
#4 sha256:58e6d4acbc5f4dbc439bbdf9eb89640dd27ae47a901b937ad36e7919534778ba 1.02GB / 1.12GB 26.2s
#4 extracting sha256:2b60c24963b6e0c0951ab2711c5d9c658cbaa0cb9697c6657fd48aaa550b984b 0.1s
#4 sha256:ac31a996ae673f860d3a20e08189528d835cd8078bc9514239b7a257a18b9e81 262.14MB / 272.04MB 26.6s
#4 sha256:58e6d4acbc5f4dbc439bbdf9eb89640dd27ae47a901b937ad36e7919534778ba 1.08GB / 1.12GB 27.3s
#4 extracting sha256:2b60c24963b6e0c0951ab2711c5d9c658cbaa0cb9697c6657fd48aaa550b984b 3.6s done
#4 sha256:58e6d4acbc5f4dbc439bbdf9eb89640dd27ae47a901b937ad36e7919534778ba 1.12GB / 1.12GB 32.3s
#4 sha256:ac31a996ae673f860d3a20e08189528d835cd8078bc9514239b7a257a18b9e81 272.04MB / 272.04MB 31.7s done
#4 extracting sha256:cf3f638a8d5cb7ce0f089dbe516da0bbe22a9c57e8f8d76f3e5fea20e76ce191
#4 extracting sha256:cf3f638a8d5cb7ce0f089dbe516da0bbe22a9c57e8f8d76f3e5fea20e76ce191 1.5s done
#4 sha256:58e6d4acbc5f4dbc439bbdf9eb89640dd27ae47a901b937ad36e7919534778ba 1.12GB / 1.12GB 37.4s
#4 extracting sha256:c96bd9f8fbf1de070c2acec75db28dd63eca47ffa680fed45c364f6f41577f20 done
#4 sha256:58e6d4acbc5f4dbc439bbdf9eb89640dd27ae47a901b937ad36e7919534778ba 1.12GB / 1.12GB 42.5s
#4 extracting sha256:cc69b229e50237f6c690d064bde2731a0e556d6386432487b9e6566b20f9c062
#4 sha256:58e6d4acbc5f4dbc439bbdf9eb89640dd27ae47a901b937ad36e7919534778ba 1.12GB / 1.12GB 45.0s done
#4 extracting sha256:cc69b229e50237f6c690d064bde2731a0e556d6386432487b9e6566b20f9c062 done
#4 extracting sha256:7bc3de09c7cbfc9b5803113c4597eb010b44b9c837b1d17f8f6f4a65c7ef86e1
#4 extracting sha256:7bc3de09c7cbfc9b5803113c4597eb010b44b9c837b1d17f8f6f4a65c7ef86e1 done
#4 extracting sha256:58e6d4acbc5f4dbc439bbdf9eb89640dd27ae47a901b937ad36e7919534778ba
#4 extracting sha256:58e6d4acbc5f4dbc439bbdf9eb89640dd27ae47a901b937ad36e7919534778ba 5.0s
#4 extracting sha256:58e6d4acbc5f4dbc439bbdf9eb89640dd27ae47a901b937ad36e7919534778ba 10.1s
#4 extracting sha256:58e6d4acbc5f4dbc439bbdf9eb89640dd27ae47a901b937ad36e7919534778ba 15.9s
#4 extracting sha256:58e6d4acbc5f4dbc439bbdf9eb89640dd27ae47a901b937ad36e7919534778ba 21.0s
#4 extracting sha256:58e6d4acbc5f4dbc439bbdf9eb89640dd27ae47a901b937ad36e7919534778ba 26.3s
#4 extracting sha256:58e6d4acbc5f4dbc439bbdf9eb89640dd27ae47a901b937ad36e7919534778ba 31.3s
#4 extracting sha256:58e6d4acbc5f4dbc439bbdf9eb89640dd27ae47a901b937ad36e7919534778ba 36.4s
#4 extracting sha256:58e6d4acbc5f4dbc439bbdf9eb89640dd27ae47a901b937ad36e7919534778ba 41.5s
#4 extracting sha256:58e6d4acbc5f4dbc439bbdf9eb89640dd27ae47a901b937ad36e7919534778ba 48.2s
#4 extracting sha256:58e6d4acbc5f4dbc439bbdf9eb89640dd27ae47a901b937ad36e7919534778ba 54.9s
#4 extracting sha256:58e6d4acbc5f4dbc439bbdf9eb89640dd27ae47a901b937ad36e7919534778ba 59.9s
#4 extracting sha256:58e6d4acbc5f4dbc439bbdf9eb89640dd27ae47a901b937ad36e7919534778ba 64.9s
#4 extracting sha256:58e6d4acbc5f4dbc439bbdf9eb89640dd27ae47a901b937ad36e7919534778ba 70.0s
#4 extracting sha256:58e6d4acbc5f4dbc439bbdf9eb89640dd27ae47a901b937ad36e7919534778ba 75.5s
#4 extracting sha256:58e6d4acbc5f4dbc439bbdf9eb89640dd27ae47a901b937ad36e7919534778ba 80.5s
#4 extracting sha256:58e6d4acbc5f4dbc439bbdf9eb89640dd27ae47a901b937ad36e7919534778ba 85.6s
#4 extracting sha256:58e6d4acbc5f4dbc439bbdf9eb89640dd27ae47a901b937ad36e7919534778ba 90.6s
#4 extracting sha256:58e6d4acbc5f4dbc439bbdf9eb89640dd27ae47a901b937ad36e7919534778ba 95.8s
#4 extracting sha256:58e6d4acbc5f4dbc439bbdf9eb89640dd27ae47a901b937ad36e7919534778ba 100.8s
#4 extracting sha256:58e6d4acbc5f4dbc439bbdf9eb89640dd27ae47a901b937ad36e7919534778ba 105.9s
#4 extracting sha256:58e6d4acbc5f4dbc439bbdf9eb89640dd27ae47a901b937ad36e7919534778ba 111.1s
#4 extracting sha256:58e6d4acbc5f4dbc439bbdf9eb89640dd27ae47a901b937ad36e7919534778ba 116.1s
#4 extracting sha256:58e6d4acbc5f4dbc439bbdf9eb89640dd27ae47a901b937ad36e7919534778ba 121.1s
#4 extracting sha256:58e6d4acbc5f4dbc439bbdf9eb89640dd27ae47a901b937ad36e7919534778ba 121.4s done
#4 extracting sha256:bf3c0a6fbfca537768f36ec4a9983cb5b14d7d860435b9d522618ffeecd02caa
#4 extracting sha256:bf3c0a6fbfca537768f36ec4a9983cb5b14d7d860435b9d522618ffeecd02caa 1.2s done
#4 extracting sha256:9b11cfa61a020208777da1afd57c434c66381b568b633b67c5a1e819291c2bbf
#4 extracting sha256:9b11cfa61a020208777da1afd57c434c66381b568b633b67c5a1e819291c2bbf 5.2s
#4 extracting sha256:9b11cfa61a020208777da1afd57c434c66381b568b633b67c5a1e819291c2bbf 10.2s
#4 extracting sha256:9b11cfa61a020208777da1afd57c434c66381b568b633b67c5a1e819291c2bbf 15.3s
#4 extracting sha256:9b11cfa61a020208777da1afd57c434c66381b568b633b67c5a1e819291c2bbf 20.3s
#4 extracting sha256:9b11cfa61a020208777da1afd57c434c66381b568b633b67c5a1e819291c2bbf 23.1s done
#4 extracting sha256:4f4fb700ef54461cfa02571ae0db9a0dc1e0cdb5577484a6d75e68dc38e8acc1
#4 extracting sha256:4f4fb700ef54461cfa02571ae0db9a0dc1e0cdb5577484a6d75e68dc38e8acc1 done
#4 extracting sha256:1d135ad1e860b05678ce72d3eb1f8273beb871e1db45b11b494f0b655437216b
#4 extracting sha256:1d135ad1e860b05678ce72d3eb1f8273beb871e1db45b11b494f0b655437216b 3.1s done
#4 extracting sha256:5be1b8f5407fcd48c8a8f664fe9b1d1741b9c816af3ae302294eb9bcefdfe405
#4 extracting sha256:5be1b8f5407fcd48c8a8f664fe9b1d1741b9c816af3ae302294eb9bcefdfe405 0.3s done
#4 extracting sha256:ac31a996ae673f860d3a20e08189528d835cd8078bc9514239b7a257a18b9e81
#4 extracting sha256:ac31a996ae673f860d3a20e08189528d835cd8078bc9514239b7a257a18b9e81 5.0s
#4 extracting sha256:ac31a996ae673f860d3a20e08189528d835cd8078bc9514239b7a257a18b9e81 10.1s
#4 extracting sha256:ac31a996ae673f860d3a20e08189528d835cd8078bc9514239b7a257a18b9e81 15.2s
#4 extracting sha256:ac31a996ae673f860d3a20e08189528d835cd8078bc9514239b7a257a18b9e81 17.5s done
#4 DONE 239.7s

#6 [2/4] WORKDIR /opt/src/app
#6 DONE 17.5s

#7 [3/4] RUN npm install react-app-rewired framer-motion react-markdown remark-math rehype-katex katex
#7 14.31 npm warn ERESOLVE overriding peer dependency
#7 14.31 npm warn While resolving: react-sortable-hoc@2.0.0
#7 14.31 npm warn Found: react@18.3.1
#7 14.31 npm warn node_modules/react
#7 14.31 npm warn   peer react@">=16.0.0" from @ant-design/cssinjs@1.24.0
#7 14.31 npm warn   node_modules/@ant-design/cssinjs
#7 14.31 npm warn     @ant-design/cssinjs@"^1.21.0" from @ant-design/cssinjs-utils@1.1.3
#7 14.31 npm warn     node_modules/@ant-design/cssinjs-utils
#7 14.31 npm warn     1 more (antd)
#7 14.31 npm warn   778 more (@ant-design/cssinjs-utils, @ant-design/icons, ...)
#7 14.31 npm warn
#7 14.31 npm warn Could not resolve dependency:
#7 14.31 npm warn peer react@"^16.3.0 || ^17.0.0" from react-sortable-hoc@2.0.0
#7 14.31 npm warn node_modules/higlass/node_modules/react-sortable-hoc
#7 14.31 npm warn   react-sortable-hoc@"^2.0.0" from higlass@2.1.5
#7 14.31 npm warn   node_modules/higlass
#7 14.31 npm warn
#7 14.31 npm warn Conflicting peer dependency: react@17.0.2
#7 14.31 npm warn node_modules/react
#7 14.31 npm warn   peer react@"^16.3.0 || ^17.0.0" from react-sortable-hoc@2.0.0
#7 14.31 npm warn   node_modules/higlass/node_modules/react-sortable-hoc
#7 14.31 npm warn     react-sortable-hoc@"^2.0.0" from higlass@2.1.5
#7 14.31 npm warn     node_modules/higlass
#7 14.79 npm warn ERESOLVE overriding peer dependency
#7 14.79 npm warn While resolving: react-sortable-hoc@2.0.0
#7 14.79 npm warn Found: react-dom@18.3.1
#7 14.79 npm warn node_modules/react-dom
#7 14.79 npm warn   peer react-dom@">=16.0.0" from @ant-design/cssinjs@1.24.0
#7 14.79 npm warn   node_modules/@ant-design/cssinjs
#7 14.79 npm warn     @ant-design/cssinjs@"^1.21.0" from @ant-design/cssinjs-utils@1.1.3
#7 14.79 npm warn     node_modules/@ant-design/cssinjs-utils
#7 14.79 npm warn     1 more (antd)
#7 14.79 npm warn   623 more (@ant-design/cssinjs-utils, @ant-design/icons, ...)
#7 14.79 npm warn
#7 14.79 npm warn Could not resolve dependency:
#7 14.79 npm warn peer react-dom@"^16.3.0 || ^17.0.0" from react-sortable-hoc@2.0.0
#7 14.79 npm warn node_modules/higlass/node_modules/react-sortable-hoc
#7 14.79 npm warn   react-sortable-hoc@"^2.0.0" from higlass@2.1.5
#7 14.79 npm warn   node_modules/higlass
#7 14.79 npm warn
#7 14.79 npm warn Conflicting peer dependency: react-dom@17.0.2
#7 14.79 npm warn node_modules/react-dom
#7 14.79 npm warn   peer react-dom@"^16.3.0 || ^17.0.0" from react-sortable-hoc@2.0.0
#7 14.79 npm warn   node_modules/higlass/node_modules/react-sortable-hoc
#7 14.79 npm warn     react-sortable-hoc@"^2.0.0" from higlass@2.1.5
#7 14.79 npm warn     node_modules/higlass
#7 15.69 npm warn ERESOLVE overriding peer dependency
#7 15.69 npm warn While resolving: @react-three/fiber@9.5.0
#7 15.69 npm warn Found: react@18.3.1
#7 15.69 npm warn node_modules/react
#7 15.69 npm warn   peer react@">=16.0.0" from @ant-design/cssinjs@1.24.0
#7 15.69 npm warn   node_modules/@ant-design/cssinjs
#7 15.69 npm warn     @ant-design/cssinjs@"^1.21.0" from @ant-design/cssinjs-utils@1.1.3
#7 15.69 npm warn     node_modules/@ant-design/cssinjs-utils
#7 15.69 npm warn     1 more (antd)
#7 15.69 npm warn   778 more (@ant-design/cssinjs-utils, @ant-design/icons, ...)
#7 15.69 npm warn
#7 15.69 npm warn Could not resolve dependency:
#7 15.69 npm warn peer react@">=19 <19.3" from @react-three/fiber@9.5.0
#7 15.69 npm warn node_modules/react-spring/node_modules/@react-three/fiber
#7 15.69 npm warn   peer @react-three/fiber@">=6.0" from @react-spring/three@9.7.5
#7 15.69 npm warn   node_modules/react-spring/node_modules/@react-spring/three
#7 15.69 npm warn
#7 15.69 npm warn Conflicting peer dependency: react@19.2.4
#7 15.69 npm warn node_modules/react
#7 15.69 npm warn   peer react@">=19 <19.3" from @react-three/fiber@9.5.0
#7 15.69 npm warn   node_modules/react-spring/node_modules/@react-three/fiber
#7 15.69 npm warn     peer @react-three/fiber@">=6.0" from @react-spring/three@9.7.5
#7 15.69 npm warn     node_modules/react-spring/node_modules/@react-spring/three
#7 16.16 npm warn ERESOLVE overriding peer dependency
#7 16.16 npm warn While resolving: @react-three/fiber@9.5.0
#7 16.16 npm warn Found: react-dom@18.3.1
#7 16.16 npm warn node_modules/react-dom
#7 16.16 npm warn   peer react-dom@">=16.0.0" from @ant-design/cssinjs@1.24.0
#7 16.16 npm warn   node_modules/@ant-design/cssinjs
#7 16.16 npm warn     @ant-design/cssinjs@"^1.21.0" from @ant-design/cssinjs-utils@1.1.3
#7 16.16 npm warn     node_modules/@ant-design/cssinjs-utils
#7 16.16 npm warn     1 more (antd)
#7 16.16 npm warn   623 more (@ant-design/cssinjs-utils, @ant-design/icons, ...)
#7 16.16 npm warn
#7 16.16 npm warn Could not resolve dependency:
#7 16.16 npm warn peerOptional react-dom@">=19 <19.3" from @react-three/fiber@9.5.0
#7 16.16 npm warn node_modules/react-spring/node_modules/@react-three/fiber
#7 16.16 npm warn   peer @react-three/fiber@">=6.0" from @react-spring/three@9.7.5
#7 16.16 npm warn   node_modules/react-spring/node_modules/@react-spring/three
#7 16.16 npm warn
#7 16.16 npm warn Conflicting peer dependency: react-dom@19.2.4
#7 16.16 npm warn node_modules/react-dom
#7 16.16 npm warn   peerOptional react-dom@">=19 <19.3" from @react-three/fiber@9.5.0
#7 16.16 npm warn   node_modules/react-spring/node_modules/@react-three/fiber
#7 16.16 npm warn     peer @react-three/fiber@">=6.0" from @react-spring/three@9.7.5
#7 16.16 npm warn     node_modules/react-spring/node_modules/@react-spring/three
#7 16.87 npm warn ERESOLVE overriding peer dependency
#7 16.87 npm warn While resolving: react-native@0.83.1
#7 16.87 npm warn Found: react@18.3.1
#7 16.87 npm warn node_modules/react
#7 16.87 npm warn   peer react@">=16.0.0" from @ant-design/cssinjs@1.24.0
#7 16.87 npm warn   node_modules/@ant-design/cssinjs
#7 16.87 npm warn     @ant-design/cssinjs@"^1.21.0" from @ant-design/cssinjs-utils@1.1.3
#7 16.87 npm warn     node_modules/@ant-design/cssinjs-utils
#7 16.87 npm warn     1 more (antd)
#7 16.87 npm warn   778 more (@ant-design/cssinjs-utils, @ant-design/icons, ...)
#7 16.87 npm warn
#7 16.87 npm warn Could not resolve dependency:
#7 16.87 npm warn peer react@"^19.2.0" from react-native@0.83.1
#7 16.87 npm warn node_modules/react-spring/node_modules/react-native
#7 16.87 npm warn   peer react-native@">=0.58" from @react-spring/native@9.7.5
#7 16.87 npm warn   node_modules/react-spring/node_modules/@react-spring/native
#7 16.87 npm warn   2 more (@react-three/fiber, @react-native/virtualized-lists)
#7 16.87 npm warn
#7 16.87 npm warn Conflicting peer dependency: react@19.2.4
#7 16.87 npm warn node_modules/react
#7 16.87 npm warn   peer react@"^19.2.0" from react-native@0.83.1
#7 16.87 npm warn   node_modules/react-spring/node_modules/react-native
#7 16.87 npm warn     peer react-native@">=0.58" from @react-spring/native@9.7.5
#7 16.87 npm warn     node_modules/react-spring/node_modules/@react-spring/native
#7 16.87 npm warn     2 more (@react-three/fiber, @react-native/virtualized-lists)
#7 17.06 npm warn ERESOLVE overriding peer dependency
#7 17.06 npm warn While resolving: @monogrid/gainmap-js@3.4.0
#7 17.06 npm warn Found: three@0.154.0
#7 17.06 npm warn node_modules/@vitessce/glb/node_modules/three
#7 17.06 npm warn   three@"^0.154.0" from @vitessce/glb@3.8.13
#7 17.06 npm warn   node_modules/@vitessce/glb
#7 17.06 npm warn     @vitessce/glb@"3.8.13" from @vitessce/all@3.8.13
#7 17.06 npm warn     node_modules/@vitessce/all
#7 17.06 npm warn   3 more (@react-spring/three, @react-three/drei, @react-three/fiber)
#7 17.06 npm warn
#7 17.06 npm warn Could not resolve dependency:
#7 17.06 npm warn peer three@">= 0.159.0" from @monogrid/gainmap-js@3.4.0
#7 17.06 npm warn node_modules/@vitessce/glb/node_modules/@react-three/drei/node_modules/@monogrid/gainmap-js
#7 17.06 npm warn   @monogrid/gainmap-js@"^3.0.6" from @react-three/drei@9.122.0
#7 17.06 npm warn   node_modules/@vitessce/glb/node_modules/@react-three/drei
#7 17.06 npm warn
#7 17.06 npm warn Conflicting peer dependency: three@0.183.2
#7 17.06 npm warn node_modules/three
#7 17.06 npm warn   peer three@">= 0.159.0" from @monogrid/gainmap-js@3.4.0
#7 17.06 npm warn   node_modules/@vitessce/glb/node_modules/@react-three/drei/node_modules/@monogrid/gainmap-js
#7 17.06 npm warn     @monogrid/gainmap-js@"^3.0.6" from @react-three/drei@9.122.0
#7 17.06 npm warn     node_modules/@vitessce/glb/node_modules/@react-three/drei
#7 17.07 npm warn ERESOLVE overriding peer dependency
#7 17.07 npm warn While resolving: @monogrid/gainmap-js@3.4.0
#7 17.07 npm warn Found: three@0.154.0
#7 17.07 npm warn node_modules/@vitessce/spatial-accelerated/node_modules/three
#7 17.07 npm warn   three@"^0.154.0" from @vitessce/spatial-accelerated@3.8.13
#7 17.07 npm warn   node_modules/@vitessce/spatial-accelerated
#7 17.07 npm warn     @vitessce/spatial-accelerated@"3.8.13" from @vitessce/all@3.8.13
#7 17.07 npm warn     node_modules/@vitessce/all
#7 17.07 npm warn     1 more (@vitessce/spatial-beta)
#7 17.07 npm warn   4 more (@react-spring/three, @react-three/drei, ...)
#7 17.07 npm warn
#7 17.07 npm warn Could not resolve dependency:
#7 17.07 npm warn peer three@">= 0.159.0" from @monogrid/gainmap-js@3.4.0
#7 17.07 npm warn node_modules/@vitessce/spatial-accelerated/node_modules/@react-three/drei/node_modules/@monogrid/gainmap-js
#7 17.07 npm warn   @monogrid/gainmap-js@"^3.0.6" from @react-three/drei@9.122.0
#7 17.07 npm warn   node_modules/@vitessce/spatial-accelerated/node_modules/@react-three/drei
#7 17.07 npm warn
#7 17.07 npm warn Conflicting peer dependency: three@0.183.2
#7 17.07 npm warn node_modules/three
#7 17.07 npm warn   peer three@">= 0.159.0" from @monogrid/gainmap-js@3.4.0
#7 17.07 npm warn   node_modules/@vitessce/spatial-accelerated/node_modules/@react-three/drei/node_modules/@monogrid/gainmap-js
#7 17.07 npm warn     @monogrid/gainmap-js@"^3.0.6" from @react-three/drei@9.122.0
#7 17.07 npm warn     node_modules/@vitessce/spatial-accelerated/node_modules/@react-three/drei
#7 17.08 npm warn ERESOLVE overriding peer dependency
#7 17.08 npm warn While resolving: @monogrid/gainmap-js@3.4.0
#7 17.08 npm warn Found: three@0.154.0
#7 17.08 npm warn node_modules/@vitessce/spatial-three/node_modules/three
#7 17.08 npm warn   three@"^0.154.0" from @vitessce/spatial-three@3.8.13
#7 17.08 npm warn   node_modules/@vitessce/spatial-three
#7 17.08 npm warn     @vitessce/spatial-three@"3.8.13" from @vitessce/all@3.8.13
#7 17.08 npm warn     node_modules/@vitessce/all
#7 17.08 npm warn     1 more (@vitessce/spatial-beta)
#7 17.08 npm warn   4 more (@react-spring/three, @react-three/drei, ...)
#7 17.08 npm warn
#7 17.08 npm warn Could not resolve dependency:
#7 17.08 npm warn peer three@">= 0.159.0" from @monogrid/gainmap-js@3.4.0
#7 17.08 npm warn node_modules/@vitessce/spatial-three/node_modules/@react-three/drei/node_modules/@monogrid/gainmap-js
#7 17.08 npm warn   @monogrid/gainmap-js@"^3.0.6" from @react-three/drei@9.122.0
#7 17.08 npm warn   node_modules/@vitessce/spatial-three/node_modules/@react-three/drei
#7 17.08 npm warn
#7 17.08 npm warn Conflicting peer dependency: three@0.183.2
#7 17.08 npm warn node_modules/three
#7 17.08 npm warn   peer three@">= 0.159.0" from @monogrid/gainmap-js@3.4.0
#7 17.08 npm warn   node_modules/@vitessce/spatial-three/node_modules/@react-three/drei/node_modules/@monogrid/gainmap-js
#7 17.08 npm warn     @monogrid/gainmap-js@"^3.0.6" from @react-three/drei@9.122.0
#7 17.08 npm warn     node_modules/@vitessce/spatial-three/node_modules/@react-three/drei
#7 17.79 npm warn ERESOLVE overriding peer dependency
#7 17.79 npm warn While resolving: its-fine@2.0.0
#7 17.79 npm warn Found: react@18.3.1
#7 17.79 npm warn node_modules/react
#7 17.79 npm warn   peer react@">=16.0.0" from @ant-design/cssinjs@1.24.0
#7 17.79 npm warn   node_modules/@ant-design/cssinjs
#7 17.79 npm warn     @ant-design/cssinjs@"^1.21.0" from @ant-design/cssinjs-utils@1.1.3
#7 17.79 npm warn     node_modules/@ant-design/cssinjs-utils
#7 17.79 npm warn     1 more (antd)
#7 17.79 npm warn   778 more (@ant-design/cssinjs-utils, @ant-design/icons, ...)
#7 17.79 npm warn
#7 17.79 npm warn Could not resolve dependency:
#7 17.79 npm warn peer react@"^19.0.0" from its-fine@2.0.0
#7 17.79 npm warn node_modules/react-spring/node_modules/@react-three/fiber/node_modules/its-fine
#7 17.79 npm warn   its-fine@"^2.0.0" from @react-three/fiber@9.5.0
#7 17.79 npm warn   node_modules/react-spring/node_modules/@react-three/fiber
#7 17.79 npm warn
#7 17.79 npm warn Conflicting peer dependency: react@19.2.4
#7 17.79 npm warn node_modules/react
#7 17.79 npm warn   peer react@"^19.0.0" from its-fine@2.0.0
#7 17.79 npm warn   node_modules/react-spring/node_modules/@react-three/fiber/node_modules/its-fine
#7 17.79 npm warn     its-fine@"^2.0.0" from @react-three/fiber@9.5.0
#7 17.79 npm warn     node_modules/react-spring/node_modules/@react-three/fiber
#7 87.96 
#7 87.96 added 5 packages, changed 2 packages, and audited 4122 packages in 1m
#7 87.96 
#7 87.96 532 packages are looking for funding
#7 87.96   run `npm fund` for details
#7 88.19 
#7 88.19 139 vulnerabilities (25 low, 39 moderate, 71 high, 4 critical)
#7 88.19 
#7 88.19 To address issues that do not require attention, run:
#7 88.19   npm audit fix
#7 88.19 
#7 88.19 To address all issues (including breaking changes), run:
#7 88.19   npm audit fix --force
#7 88.19 
#7 88.19 Run `npm audit` for details.
#7 88.19 npm notice
#7 88.19 npm notice New major version of npm available! 10.9.4 -> 11.12.0
#7 88.19 npm notice Changelog: https://github.com/npm/cli/releases/tag/v11.12.0
#7 88.19 npm notice To update run: npm install -g npm@11.12.0
#7 88.19 npm notice
#7 DONE 89.6s

#8 [4/4] COPY . .
#8 DONE 1.2s

#9 exporting to image
#9 exporting layers
#9 exporting layers 2.1s done
#9 writing image sha256:5153a39f7455aa102301fca43557303790a689df397780f830f91b9fafae75d6 0.0s done
#9 naming to docker.io/library/oscb-react:latest 0.1s done
#9 DONE 2.4s
All images built successfully in Minikube's Docker registry.
Creating the namespace and configs...
namespace/oscb created
configmap/oscb-config created
secret/oscb-secret created
persistentvolume/oscb-results-pv created
persistentvolumeclaim/oscb-results-pvc created
persistentvolume/oscb-uploads-pv created
persistentvolumeclaim/oscb-uploads-pvc created
persistentvolume/oscb-logs-pv created
persistentvolumeclaim/oscb-logs-pvc created
persistentvolume/oscb-user-storage-pv created
persistentvolumeclaim/oscb-user-storage-pvc created
Creating config maps from local init files...
configmap/initmongo-js created
configmap/oscb-schema-sql created
Deploying databases and message brokers...
deployment.apps/mongodb created
service/oscbdb created
deployment.apps/mongo-express created
service/mongo-express created
deployment.apps/oscb-redis created
The Service "oscb_redis" is invalid: metadata.name: Invalid value: "oscb_redis": a DNS-1035 label must consist of lower case alphanumeric characters or '-', start with an alphabetic character, and end with an alphanumeric character (e.g. 'my-name',  or 'abc-123', regex used for validation is '[a-z]([-a-z0-9]*[a-z0-9])?')
